id,Review ID,Item ID,Shop ID,Comment,Rating Star,Author Username,Images,Submit Time,Like Count,Product Quality,Seller Service,Delivery Service,Class
9337459888,9337459888,20415254195,414659819,"Material:Great!
Functionality:Great too!

This has to be my favourite purchase as I work a lot from home and would like to change my view every now and then. This product is great, functional, and easy to assemble as well. I am using a heavy MacBook Pro and it’s stable all, adjustable, and convenient to carry around.",5,vinibalan,https://down-id.img.susercontent.com/file/my-11134103-22080-x6fr5h0fcigve6,21/8/2022 8:06,45,5,Not Available,Not Available,positive
15615300429,15615300429,20415254195,414659819,"Functionality:functioning well and great size for single bed use.
Material:very sturdy and smooth finishing on top

Very nice and sturdy table. The size is perfect. Would recommend to others 👍🏻",5,yana4eva,https://down-id.img.susercontent.com/file/my-11134103-7r98s-lwwygctwhmy23f,24/6/2024 13:43,12,5,5,5,positive
75571802271,75571802271,20415254195,414659819,"Performance:Struktur yg kukuh, tegap dan kuat. Tahan lasak

Corak jalinan kayu yg natural n cantik.. Buatan kemas dan kukuh. Hujung bucu meja juga licin, rounded edge dan tak tajam, jadi jgn risau la tangan kita tak kan luka. Sesuai utk anak2 nak study , kita nak letak komputer pun steady je. Boleh juga buat meja makan sambil menghadap tengok TV. Terima kasih seller. sgt puas hati.",5,n*****0,https://down-id.img.susercontent.com/file/my-11134103-820lb-mfkzrhesx7grb7 || https://down-id.img.susercontent.com/file/my-11134103-820la-mfkzrhesym17b7 || https://down-id.img.susercontent.com/file/my-11134103-820l9-mfkzrhet00ln62,8/10/2025 10:17,2,5,5,5,positive
77003633676,77003633676,20415254195,414659819,"Performance:Good

Meja besar. Sesuai sangat untuk meja belajar atau meja makan. Tapak kaki jenis membulat. Tak rosakkan carpet. Kualiti bamboo baik. Takde kesan tajam. Alhamdulillah penghantaran cepat. Highly recommended. Thank you seller.",5,azila_aria,https://down-id.img.susercontent.com/file/my-11134103-820le-mg0mldnduzgpf8 || https://down-id.img.susercontent.com/file/my-11134103-820la-mg0mldndwe1599 || https://down-id.img.susercontent.com/file/my-11134103-820l4-mg0mldndxsll4f || https://down-id.img.susercontent.com/file/my-11134103-820l4-mg0mldndz7610f || https://down-id.img.susercontent.com/file/my-11134103-820lg-mg0mldne0lqhab,19/10/2025 9:27,1,5,5,5,positive
94289773243,94289773243,20415254195,414659819,"Material:High-quality wooden
Functionality:Simpan Kasut Mak Bapak

Produk terbaik, kualiti berbaloi dgn harga, design dan dimension kena dgn citarasa, penghantaran pun cargas, 5 tingkat 5 star✨✨✨✨✨ ada freegift",5,facrulalif,https://down-id.img.susercontent.com/file/my-11134103-820lb-mmkev4sdp62r17 || https://down-id.img.susercontent.com/file/my-11134103-820li-mmkev4rt94hv25,2/4/2026 13:43,Not Available,5,5,5,positive
32536226902,32536226902,20415254195,414659819,I love it! Meja ni comey dooh. Cantik. Size pun just nice. Kayu tebal. Ketinggian pun okay ngam. Hopefully tahan lamaaaaaa la. So far sangat berpuas hati. Harga pun mampu milik.,5,r*****n,https://down-id.img.susercontent.com/file/my-11134103-7ras9-m76hbxhoik9y8e || https://down-id.img.susercontent.com/file/my-11134103-7rasj-m76hbxhoijs22c || https://down-id.img.susercontent.com/file/my-11134103-7rasg-m76hbxhoikbc36,10/3/2025 11:17,10,5,5,5,positive
13223197651,13223197651,20415254195,414659819,"Functionality:ingatkan kecik , rupanya boleh tahan juga besar
Material:sooo good !!!!

berbaloi , besar meja nih muat satu laptop. same like meja sstudy laa . sumpah lawa . kayu meja nih pon lawaa . recommend !!!",5,farhanarasid21,https://down-id.img.susercontent.com/file/my-11134103-7r98z-lo4m177885c6ce || https://down-id.img.susercontent.com/file/my-11134103-7r991-lo4m1777sp3ac3,15/11/2023 22:18,58,5,5,5,positive
15802786029,15802786029,20415254195,414659819,"Functionality:good
Material:wood coated with epoxy

Sturdy & beautiful. just nice for a small living room. Colour looks good. 
Item as per described by seller. 
Recommended.",5,k*****0,https://down-id.img.susercontent.com/file/my-11134103-7r990-lxkxwd1y1nca99 || https://down-id.img.susercontent.com/file/my-11134103-7r98t-lxkxwd1y31wq41 || https://down-id.img.susercontent.com/file/my-11134103-7r98r-lxkxx0jdogh626,11/7/2024 8:59,64,5,5,5,positive
75314314198,75314314198,20415254195,414659819,"Item received fast and in good condition. The foldable table is sturdy, easy to set up and very convenient for study or work or even eating! Worth the price!",5,r*****n,https://down-id.img.susercontent.com/file/my-11134103-820l4-mf811vgyqzgub8 || https://down-id.img.susercontent.com/file/my-11134103-820li-mf811vgyse1a94 || https://down-id.img.susercontent.com/file/my-11134103-820lg-mf811vgyv7668f || https://down-id.img.susercontent.com/file/my-11134103-820l7-mf811vhnvl6z81,29/9/2025 8:37,14,5,5,5,positive
34560578845,34560578845,20415254195,414659819,"Performance:good

Meja diperbuat dari buluh
Yang size 80cm ok kualitinya panjang selesa boleh letak pelbagai keperluan belajar anak,yang size 64cm meja komputer kukuh dan tebal,boleh adjust ketinggian
Saya puas hati",5,l*****e,https://down-id.img.susercontent.com/file/my-11134103-7rasb-m7w0ft8ulqusc6 || https://down-id.img.susercontent.com/file/my-11134103-7rasc-m7w0ft8un5f889,28/3/2025 8:41,4,5,5,5,positive
86554836767,86554836767,20415254195,414659819,"Material:nice
Functionality:good

Buatan kemas. Hujung bucu meja licin, rounded edge dan tak tajam. Lepas ni nak membaca or  something else ok je, muat juga letak al-quran.",5,f*****1,https://down-id.img.susercontent.com/file/my-11134103-820lc-mjzcn1bfuj9dcc || https://down-id.img.susercontent.com/file/my-11134103-820lh-mjzcn1bfvxtt04 || https://down-id.img.susercontent.com/file/my-11134103-820lf-mjzcn1bfxce9c7 || https://down-id.img.susercontent.com/file/my-11134103-820l4-mjzcn1bfyqyp3e || https://down-id.img.susercontent.com/file/my-11134103-820l9-mjzcn1bg05j524,27/1/2026 9:00,1,5,5,5,positive
13015220824,13015220824,20415254195,414659819,"Really satisfied with the item, i not a fan glossy texture This one just nice the finishing. The height just about one feet and not to big and not to small. If you put your laptop still have 1 1/2 palm of your hand. Solid with no defects",5,e*****k,https://down-id.img.susercontent.com/file/my-11134103-7r98t-lnd6d6voohbw7a,27/10/2023 17:02,6,5,5,5,positive
95354624734,95354624734,20415254195,414659819,"Very good build, the line that separates the adjustable top and the fixed top is seamless. even the feet is adjustable. just nice for my mum to read quran (higher table) and my nieces to do homework (lowered table). highly recommend.",5,a*****i,https://down-id.img.susercontent.com/file/my-11134103-820lb-mmvvqrwtv1tyca || https://down-id.img.susercontent.com/file/my-11134103-820lf-mmvvr0w1phxe09 || https://down-id.img.susercontent.com/file/my-11134103-820lb-mmvvru5lz40889,10/4/2026 14:34,Not Available,5,5,5,positive
67980493531,67980493531,20415254195,414659819,"Performance:good

very worth it for the price. surface is a bit porous, risk of wood splinter is there. very light so it will easily slide off",5,n*****4,https://down-id.img.susercontent.com/file/my-11134103-7rase-mdemjt9zj7ap4b,14/8/2025 12:18,1,5,5,5,positive
11249172766,11249172766,20415254195,414659819,"Material:good.
Functionality:very good.

Sesuai untuk anak2 kecil nak makan atau buat aktiviti kat bawah. Since kaki meja pun boleh adjust, so boleh jd coffee table jugak. Multipurpose foldable japanese table. 👍🏻",5,n*****a,https://down-id.img.susercontent.com/file/my-11134103-7qukw-lfi611gyqrsq7f || https://down-id.img.susercontent.com/file/my-11134103-7qula-lfi64iz74aiib9,12/4/2023 10:11,40,5,5,5,positive
32804843518,32804843518,20415254195,414659819,"Performance:seems like stable and strong to be used. Functioned very well.

Thank you for the prompt action upon receiving order. Good sevice and product. Like it!",5,m*****7,https://down-id.img.susercontent.com/file/my-11134103-7rase-m7b1f08y11l41d,13/3/2025 15:54,6,5,5,5,positive
15593895306,15593895306,20415254195,414659819,"Received the foldable table in good condition.

The foldable table is sturdy, with a shiny surface and nice wooden color. No installation is needed as it comes in one piece.",5,ayusalleh_,https://down-id.img.susercontent.com/file/my-11134103-7r98o-lwtsvd95sui2be,22/6/2024 8:45,10,5,5,5,positive
97516099827,97516099827,20415254195,414659819,"Material:Desk sturdy and has a nice wooden finish 🤩
Functionality:Sturdy enough to support heavy laptops or for makan2☺️

Penghantaran pantassss!!!Meja yg kukuh dan mudah utk guna/simpan… tenkiu seller 🥰",5,shelarahman87,https://down-id.img.susercontent.com/file/my-11134103-820l8-mnsqe0puoqv9b7,3/5/2026 14:58,Not Available,5,5,5,positive
9405317520,9405317520,20415254195,414659819,"Material:Wood
Functionality:Nice wood finish, stable structure

It’s stable to use in bed, nice wood finishing, muat2 je laptop and it’s a cute little mini table, i love it so much!!! 🥰🥰🥰",5,shazzy07,https://down-id.img.susercontent.com/file/my-11134103-22080-d3zwgmcbssgv3e || https://down-id.img.susercontent.com/file/my-11134103-22080-hhm81d3bssgv20,28/8/2022 15:44,2,5,Not Available,Not Available,positive
13112503635,13112503635,20415254195,414659819,"Material:Wooden
Functionality:Letak barang

Meja dah siap pasang. Boleh lipat senang nak sorok kalau taknak guna & jimat ruang. Boleh tahan lebal la kayu dia. Warna pun cantik.",5,harzelin96,https://down-id.img.susercontent.com/file/my-11134103-7r990-lnqwaodavg7066,6/11/2023 7:44,3,5,5,5,positive
76810369428,76810369428,20415254195,414659819,"Performance:very good

Sturdy. It was already assembled when I opened the packaging. You only need to unfold the legs whenever you want to use it. No hassle whatsoever. It's very huge for a very cheap price. I am more than happy to have purchased this product",5,knaka,https://down-id.img.susercontent.com/file/my-11134103-820l9-mfxdgbw6gwsq4b || https://down-id.img.susercontent.com/file/my-11134103-820lc-mfxdgbw6ibd671 || https://down-id.img.susercontent.com/file/my-11134103-820lg-mfxdgbw6jpxm38,17/10/2025 2:28,Not Available,5,5,5,positive
17013986578,17013986578,20415254195,414659819,"Functionality:kualiti bagus
Material:solid wood

Ok Lepas ni blh la lukis balik. Ahahaha TQ seller meja cantik👍🥰",5,rezz4375,https://down-id.img.susercontent.com/file/my-11134103-7rasg-m14dkxlixxzi06 || https://down-id.img.susercontent.com/file/my-11134103-7rasc-m14dkxlizcjy2c,8/10/2024 15:49,19,5,5,5,positive
95505880068,95505880068,20415254195,414659819,"Material:Okey cantik
Functionality:boleh letak dan susun barang cantik

Penghantaran cepat baru order smlm hari ni dah selamat sampai tiada kerosakkan yang berlaku..saya sangat berpuas hati dengan kedai ni",5,m*****1,https://down-id.img.susercontent.com/file/my-11134103-820l5-mmyclpnu6fwg58,12/4/2026 8:05,Not Available,5,5,5,positive
9284555399,9284555399,20415254195,414659819,"Material:sturdy and great

Great product and very solid. Design it very well.",5,yvonnephe,https://down-id.img.susercontent.com/file/my-11134103-22080-wlosfzugwagv6a || https://down-id.img.susercontent.com/file/my-11134103-22080-i0js634hwagv96 || https://down-id.img.susercontent.com/file/my-11134103-22080-il6oa2ciwagv71 || https://down-id.img.susercontent.com/file/my-11134103-22080-54n3nakiwagv56 || https://down-id.img.susercontent.com/file/my-11134103-22080-7zsbne0iwagv47,16/8/2022 2:56,23,5,Not Available,Not Available,positive
75324487828,75324487828,20415254195,414659819,"Performance:good

Selamat sampai, laju. Harini order esok sampai. Kayu kukuh, kaki meja tak mudah terlipat. Bucu tak tajam, warna cantik, ringan , senang nak simpn",5,a*****7,https://down-id.img.susercontent.com/file/my-11134103-820l4-mf8g05vx74lr0b,29/9/2025 15:01,1,5,5,5,positive
49836784393,49836784393,20415254195,414659819,"Performance:mantap , kukuh

Memang mudah dah lepas ni nak membaca or something else , sangat function , besar , muat je if letak Al quran . Rack kecil comel tu dpt free yaa , thankyouu tauu , puashatii",5,n.syiera,https://down-id.img.susercontent.com/file/my-11134103-7ras8-mb572stbshzf8a || https://down-id.img.susercontent.com/file/my-11134103-7ras9-mb572stbsiayf0 || https://down-id.img.susercontent.com/file/my-11134103-7rasi-mb572stbvbfuf6 || https://down-id.img.susercontent.com/file/my-11134103-7rasc-mb572stbtwvec3,18/6/2025 11:04,1,5,5,5,positive
15629981913,15629981913,20415254195,414659819,"Material:9/10
Functionality:Foldable table

Good purchase! Works well. Quite sturdy. Really fast delivery.",5,nabilazmitcg,https://down-id.img.susercontent.com/file/my-11134103-7r991-lwzbb8wltkkq0f || https://down-id.img.susercontent.com/file/my-11134103-7r991-lwzbb8wmogogd7 || https://down-id.img.susercontent.com/file/my-11134103-7r98o-lwzbb8wltk6o32,26/6/2024 5:19,3,5,5,5,positive
90985673446,90985673446,20415254195,414659819,"Material:Buluh
Functionality:Sesuai untuk study

Penghantaran secepat kilat mengambil masa 1 hari untuk tiba ke destinasi.Bungkusan dan barang berada dalam keadaan baik tanpa sebarang kerosakan.Penjual sangat menjaga hati pelanggan.Terima kasih penjual saya bagi 🌟🌟🌟🌟🌟 bintang.",5,m*****6,https://down-id.img.susercontent.com/file/my-11134103-820la-mlg8h584t98k2f || https://down-id.img.susercontent.com/file/my-11134103-820le-mlg8h584unt0d5 || https://down-id.img.susercontent.com/file/my-11134103-820lc-mlg8h584xgxwee || https://down-id.img.susercontent.com/file/my-11134103-820l6-mlg8h584w2dg86 || https://down-id.img.susercontent.com/file/my-11134103-820l5-mlg8h584yvic7f,5/3/2026 10:08,Not Available,5,5,5,positive
16019339855,16019339855,20415254195,414659819,"Functionality:bagus
Material:kayu

Sesuai
Bagus 
Sesuai dgn org dewasa utk menaip
Utk kanak-kanak agak tggi",5,unicorn8309,https://down-id.img.susercontent.com/file/my-11134103-7r98y-lydmfoj826ao23 || https://down-id.img.susercontent.com/file/my-11134103-7r98y-lydmfoj83kv4b7 || https://down-id.img.susercontent.com/file/my-11134103-7r991-lydmia78wtb4b8,31/7/2024 11:17,3,5,5,5,positive
69707623749,69707623749,20415254195,414659819,Dpt time hrga mur rm13. Sgt puas hati. Kayu bambo jdi ada ksar skit mejanya. Kaki sbelah agak meluas brbnding sbelh lgi jdi kena adjust kot nti. Sgt brbaloi dgn hrga. Pnghtrn laju dri tarikh.,5,r*****9,https://down-id.img.susercontent.com/file/my-11134103-7rasa-mdtf4i5ipsj5c8 || https://down-id.img.susercontent.com/file/my-11134103-7rase-mdtf4i5spdwx1e || https://down-id.img.susercontent.com/file/my-11134103-7ras9-mdtf4i62oyt467 || https://down-id.img.susercontent.com/file/my-11134103-7rasb-mdtf4i5ir73lc1,24/8/2025 21:04,2,5,3,5,positive
30069170584,30069170584,20415254195,414659819,Berpuas Hati. Seller laju. Barang sampai dalam keadaan baik. Untuk kegunaan yang selesai. Anak2 pun senang guna. Terbaik.,5,farhanfahmi_35,https://down-id.img.susercontent.com/file/my-11134103-7rask-m5sb891vvbzd45 || https://down-id.img.susercontent.com/file/my-11134103-7ras8-m5sb891vy549a4 || https://down-id.img.susercontent.com/file/my-11134103-7ras9-m5sb891vzjop6f || https://down-id.img.susercontent.com/file/my-11134103-7ras8-m5sb891w0y9549,3/2/2025 7:40,3,5,5,5,positive
70673990565,70673990565,20415254195,414659819,"Performance:Good and worth buying

Parcel dan barang diterima dalam keadaan baik dan tidak terkoyak.Order pun cepat sampai.
Beli masa live.Dapat murah.

Berbaloi dengan harga dan semua item diterima dalam keadaan baik.Seller balut dengan kemas dan semua berfungsi dengan baik.

Tq seller😊",5,putree2021,https://down-id.img.susercontent.com/file/my-11134103-820l7-me0ya47hcsg1f8,30/8/2025 3:49,Not Available,5,5,5,positive
88873215945,88873215945,20415254195,414659819,"Material:very beautiful wooden
Functionality:can support for heavy laptops or books

Fast for the delivery and very beautiful wooden and lightweight 🤩🤩🤩",5,idoraenna,https://down-id.img.susercontent.com/file/my-11134103-820l8-mkqiyu2vywhs01 || https://down-id.img.susercontent.com/file/my-11134103-820l7-mkqiz68zrq4m77 || https://down-id.img.susercontent.com/file/my-11134103-820lb-mkqj04jt1vrb77,15/2/2026 9:53,Not Available,5,5,5,positive
9655277183,9655277183,20415254195,414659819,"Material:good
Functionality:awesome 👍

Received in good condition good item good price good packaging also yes satisfied",5,a*****a,https://down-id.img.susercontent.com/file/my-11134103-22090-c7qgdro6fwhvbf,25/9/2022 10:34,3,5,5,5,positive
70303056932,70303056932,20415254195,414659819,"Performance:cun

item is very sturdy, good finishing, lightweight thus handy, not much difference in terms of colour, fast delivery. most importantly, boleh bersila with ease under the table",5,a*****a,https://down-id.img.susercontent.com/file/my-11134103-820li-mdyhuayj4f0k0d,28/8/2025 10:25,Not Available,5,5,5,positive
8860671922,8860671922,20415254195,414659819,Parcel received in good condition. Satisfy with the material and felt solid. S size is suitable to place on sofa.,5,b*****8,https://down-id.img.susercontent.com/file/my-11134103-22070-qbbhnrdhmlev7c || https://down-id.img.susercontent.com/file/my-11134103-22070-7fta4vdhmlevfa || https://down-id.img.susercontent.com/file/my-11134103-22070-l90e2sdhmlev72 || https://down-id.img.susercontent.com/file/my-11134103-22070-ua2b0udhmlevac,4/7/2022 4:29,6,5,Not Available,Not Available,positive
32264408529,32264408529,20415254195,414659819,"Performance:10/10

Meja besar .boleh bawak p picnic.. xberat dan xringan...kayu pon solid ..sangat senang nk bawak g mana2 sebab boleh bukak dan lipat..",5,n*****z,https://down-id.img.susercontent.com/file/my-11134103-7rasl-m709uce3dye1fc,6/3/2025 3:00,3,5,5,5,positive
99014919217,99014919217,20415254195,414659819,"Material:cantik.. ringan
Functionality:berpuashati..ringan je..budak22 pun boleh angkat. Senang nk bwa. Kaki meja boleh lipat sama mcm video yg ditunjuk.. harap tahan lama. Permukaan meja licin senang nak bersih kalau ada makanan tertumpah",5,zahrabatikkelantan,Not Available,22/5/2026 3:17,Not Available,5,5,5,positive
9331861653,9331861653,20415254195,414659819,"Functionality:kukuh dan stabil
Material:kayu

Untuk kegunaan kelas secara dalam talian. Meja kayu lipat ini ada bahagian yang boleh laras ketinggian seperti tertera di gambar untuk letak laptop atau buku. Sesuai sangat digunakan untuk mengaji iqra, al-quran atau membaca.",5,1*****d,https://down-id.img.susercontent.com/file/my-11134103-22080-aqi4kg830ggv5c || https://down-id.img.susercontent.com/file/my-11134103-22080-utafq7530ggv89 || https://down-id.img.susercontent.com/file/my-11134103-22080-icx4ag830ggvcd || https://down-id.img.susercontent.com/file/my-11134103-22080-m41jwt830ggv35,20/8/2022 14:11,2,5,Not Available,Not Available,positive
88000414967,88000414967,20415254195,414659819,"Material:bagus
Functionality:kemas

Bagus gilak...order semalam 1 hari saja sampai..pos naik jet ke apa...meja bagus sangat ni ..boleh lepak atas meja la petang ni..",5,a*****1,https://down-id.img.susercontent.com/file/my-11134103-820l9-mkge834wh2psae || https://down-id.img.susercontent.com/file/my-11134103-820lh-mkge8351jojsa3 || https://down-id.img.susercontent.com/file/my-11134103-820lc-mkge834sge85ad,8/2/2026 7:27,Not Available,5,5,5,positive
90305337629,90305337629,20415254195,414659819,"Material:kayu kuat dan kukuh
Functionality:sangat bagus

Penghantaran cepat dan bungkusan kemas sangat2, meja ini ringan tak berat dan besar,saya puas hati beli meja ini,",5,i*****i,https://down-id.img.susercontent.com/file/my-11134103-820la-ml8okpnumadga0,28/2/2026 3:07,Not Available,5,5,5,positive
94637251153,94637251153,20415254195,414659819,"Material:rotan and plastic
Functionality:very funtion

Beli untuk letak biskut raya nt habis raya baru letak dekat dapur. Cantik sgt. Size pun sgt ok",5,m*****a,https://down-id.img.susercontent.com/file/my-11134103-820l9-mmmzm4l0dreqa4 || https://down-id.img.susercontent.com/file/my-11134103-820ld-mmmzm4kys64h0c || https://down-id.img.susercontent.com/file/my-11134103-820lh-mmmzm4kyuz9d33,4/4/2026 9:05,Not Available,5,5,5,positive
16103291287,16103291287,20415254195,414659819,"Material:kukuhhh. love sangattt
Functionality:packaging dalam kotak

terbaik seller. thank you.",5,32121syazwani,https://down-id.img.susercontent.com/file/my-11134103-7r990-lyonljx0oh9lb8,8/8/2024 4:47,5,5,5,5,positive
90806882535,90806882535,20415254195,414659819,"Material:kukuh,kayu elok
Functionality:sesuai tuk ank study.ni nk oder 1 lg  tuk adik.mama pn pinjm tuk letak lauk2 time brbuka kt luar.

tq seller 3 ari smpi,bungkusan kemas👍",5,2ren3l7lxy,https://down-id.img.susercontent.com/file/my-11134103-820l7-mlehi2ia97ghf2,4/3/2026 4:44,Not Available,5,5,5,positive
69950435789,69950435789,20415254195,414659819,"Performance:ok terbaikk

Tiada kerosakan semasa barang sampai Packaging ok kemas mantul
Cantik mejanya,sturdy,kaler meja sampai seperti dalam gambar
Penghantaran pun laju
Beli masa live shopee payday sale
Tq seller
Saya beli dengan harga tersebut",5,d*****o,https://down-id.img.susercontent.com/file/my-11134103-820lh-mdvsxaopicci41,26/8/2025 13:18,Not Available,5,5,5,positive
95133740850,95133740850,20415254195,414659819,"Material:good
Functionality:good

meja kukuh dan sudah siap dipasang.. thankyou seller . meja sampai dalam keadaan baik dan tiada kerosakan. tidak digalakkan untuk letak benda berat kecuali study dan makan sahaja.",5,juliaashikin,https://down-id.img.susercontent.com/file/my-11134103-820l4-mmstpzb189oh41,8/4/2026 11:10,Not Available,5,5,5,positive
14153659981,14153659981,20415254195,414659819,"Material:sturdy, wood
Functionality:good

bigger than i expected which is great & looks sturdy. worth it for the price",5,a*****z,https://down-id.img.susercontent.com/file/my-11134103-7r990-lri9y6p1hjqcea || https://down-id.img.susercontent.com/file/my-11134103-7r98u-lri9y6p1iyas7e,9/2/2024 4:05,1,5,5,5,positive
16031714287,16031714287,20415254195,414659819,"Material:bamboo

Fast delivery from seller
Well delive4ed by SPX
Can use as  little table for one person dining too
Love it",5,c*****y,https://down-id.img.susercontent.com/file/my-11134103-7r98p-lyf4p7az9ox536 || https://down-id.img.susercontent.com/file/my-11134103-7r98u-lyf4p7azb3hl7b,1/8/2024 12:40,4,5,5,5,positive
9357302358,9357302358,20415254195,414659819,"Material:meja berkualiti
Functionality:sesuai letak al quran laptop buku

good item with reasonable price
Can buy laa
Really worth it
Trusted seller",5,radziesayed,https://down-id.img.susercontent.com/file/my-11134103-22080-hpslqigbelgv6e || https://down-id.img.susercontent.com/file/my-11134103-22080-epg9nq7belgv8b,23/8/2022 11:44,7,5,Not Available,Not Available,positive
9277264466,9277264466,20415254195,414659819,Fast delivery n nice packaging. The quality is good. I like the smooth surface of the table.,5,a*****u,https://down-id.img.susercontent.com/file/my-11134103-22080-vtqb3txts0fv64 || https://down-id.img.susercontent.com/file/my-11134103-22080-1k7cwxgus0fv48,15/8/2022 8:23,5,5,Not Available,Not Available,positive
94901270637,94901270637,20415254195,414659819,"Material:bamboo
Functionality:kemas dan sangat mudah memasang rak

penghantaran sangat cepat dari seller..order semalam harini dapat..terbaik seller pantas.👍",5,nurmiswarini,https://down-id.img.susercontent.com/file/my-11134103-820lh-mmpu89v262h49c,6/4/2026 8:56,Not Available,5,5,5,positive
89339886067,89339886067,20415254195,414659819,"Material:Baik
Functionality:Sangat berfungsi

Terima kasih. Barang sampai dalam keadaan yang baik dan tiada kerosakan. Telah dipasang.",5,ayuza1129,https://down-id.img.susercontent.com/file/my-11134103-820lf-mkxkj2o1h0xy73 || https://down-id.img.susercontent.com/file/my-11134103-820lf-mkxkj2o9bd38a9 || https://down-id.img.susercontent.com/file/my-11134103-820l9-mkxkj2o9crno54 || https://down-id.img.susercontent.com/file/my-11134103-820l5-mkxkj2o9fksk25,20/2/2026 8:16,Not Available,5,5,5,positive
71846945026,71846945026,20415254195,414659819,"Performance:nice and look sturdy table

Very fast delivery, nice packaging and recommend to others to buy from this seller",5,m*****n,https://down-id.img.susercontent.com/file/my-11134103-820l8-meb01v3hwl4x88 || https://down-id.img.susercontent.com/file/my-11134103-820lb-meb01v3ee61192 || https://down-id.img.susercontent.com/file/my-11134103-820li-meb01v3efklh17,6/9/2025 4:42,Not Available,5,5,5,positive
15195805520,15195805520,20415254195,414659819,"Material:bagus sangat kualiti

warna cantik
texture kayu cantik
kemas 
terbaik",5,marragro,https://down-id.img.susercontent.com/file/my-11134103-7r98u-lvb9chi00l7l65 || https://down-id.img.susercontent.com/file/my-11134103-7r98p-lvb9cxhgmgzg4e,15/5/2024 3:29,1,5,5,5,positive
98401547359,98401547359,20415254195,414659819,"Material:sturdy & finishing dia cantik & kemas
Functionality:okay je untuk meja study anak anak . Nk buat kerja depan tv letak laptop pun okay",5,j*****k,https://down-id.img.susercontent.com/file/my-11134103-820lc-mob2u4kdr21a5b,16/5/2026 11:25,Not Available,5,5,5,positive
33287453670,33287453670,20415254195,414659819,"Performance:bagus

Produk ok sesuai dengan harga… ringan ok la untuk letak laptop, anak2 menulis atau makan sambil tgk tv huhu… kalau duduk bole patah sbb ni meja bukan kerusi…. Apa pun sy suka dah guna bole lipat dan simpan xmkn ruang… stabil",5,f*****h,https://down-id.img.susercontent.com/file/my-11134103-7rasa-m7jd60g25npl1a,19/3/2025 11:58,1,5,5,5,positive
95089932753,95089932753,20415254195,414659819,"Material:Good
Functionality:Good

Phantaran yg pantas hga yg bpatutan n tq for cod comey je dan kecil blh la buat letak minyak bekas bekas kecil. Sesuai utk dapur kecil dan comel sy sukakannya nti saya nak beli lagi",5,mayawan78,Not Available,8/4/2026 2:16,Not Available,5,5,5,positive
97783910427,97783910427,20415254195,414659819,"Material:the desk feels sturdy
Functionality:stable

The upgraded desk is more stable compared to the basic one.it is not easy to fall down.good pi",5,mami_el_ab,https://down-id.img.susercontent.com/file/my-11134103-820lf-mo3gea6lcfswb7,11/5/2026 5:25,Not Available,5,5,5,positive
9437693012,9437693012,20415254195,414659819,"Functionality:Table feels sturdy and durable. Hopefully will last a long time
Material:Good material and workmanship. Smooth polishing especially around the edges",5,s*****m,https://down-id.img.susercontent.com/file/my-11134103-22090-mrzueyos3xgvbe,1/9/2022 8:38,5,5,Not Available,Not Available,positive
59408555713,59408555713,20415254195,414659819,Barang sampai dengan selamat...kualiti barang ngam dengan harga ...thanks seller..penghantaran pantas,5,mohdashraf92,https://down-id.img.susercontent.com/file/my-11134103-7rask-mc37h3xg66af65,12/7/2025 6:57,1,5,5,5,positive
52042479347,52042479347,20415254195,414659819,"Performance:Good

Barang sampai dengan Selamat. Meja sesuai utk anak guna buat homework atau boleh santai2 makan depan TV. Kukuh juga! anak 2 thn berat 9.6kg selalu duk naik atas meja ni adoii 😂 . Hari2 guna meja ni. Function sgt Very recommended! 🌸 Tq seller.",5,s*****u,https://down-id.img.susercontent.com/file/my-11134103-7rasb-mb6wdoag15m28b || https://down-id.img.susercontent.com/file/my-11134103-7rasa-mb6wdoaq0qob97,19/6/2025 15:42,0,5,5,5,positive
8824010186,8824010186,20415254195,414659819,"kukuh!!! sangat stable and kualiti meja sangat baik 100%
Recommend this table for students like me",5,Not Available,https://down-id.img.susercontent.com/file/my-11134103-22060-disd25bbzfevc1 || https://down-id.img.susercontent.com/file/my-11134103-22060-xdakl1bbzfevff,30/6/2022 5:36,10,5,Not Available,Not Available,positive
97582653102,97582653102,20415254195,414659819,"Material:the desk sturdy and wooden solid
Functionality:suitable for my daughters to study",5,h*****6,https://down-id.img.susercontent.com/file/my-11134103-820l5-mnv0dbaqd2ioec,5/5/2026 8:01,Not Available,5,5,5,positive
88828906400,88828906400,20415254195,414659819,"Material:wood
Functionality:sturdy

Sangat mudah pasang. Tools semua dapat. Ngam utk letak every seasoning on top 👍🏻👍🏻",5,o*****z,https://down-id.img.susercontent.com/file/my-11134103-820lc-mkq660izfe2sd8,15/2/2026 3:53,Not Available,5,5,5,positive
97793306126,97793306126,20415254195,414659819,"Material:transparent acrylic & Balsa wood
Functionality:ok

Received the goods with fast delivery and thank you so much, don't expect to high, cause this is cheap😀 u paid what u get.",5,sheree87,https://down-id.img.susercontent.com/file/my-11134103-820le-mo45s41wb7r608 || https://down-id.img.susercontent.com/file/my-11134103-820lf-mo45s41skd8m17,11/5/2026 15:11,Not Available,5,5,5,positive
97287324308,97287324308,20415254195,414659819,"Material:wood
Functionality:sturdy

Function betul.. Sebelum ni banyak makan ruang , bila dah susun barang bertingkat macam ni nampaklah luas space tu.... I like it!",5,tipahhtertipu,Not Available,28/4/2026 5:16,Not Available,5,5,5,positive
32066801046,32066801046,20415254195,414659819,Cantik sgt. Meja ringan senang nak bawak mana2. Nak buat meja utk minum2 kopi depan tv dan tgk kerja sekolah anak2 mmg sesuai sgt2. Harga pun mur mur je. Penghantara mcm the flash. Smlm order hari ni sampai. Terbaik. Meja pun dah siap pasang tak payah le berpeluh nak bertukang 😜. Tq.,5,b*****i,https://down-id.img.susercontent.com/file/my-11134103-7rase-m6xhkclvlicmc3,4/3/2025 4:02,0,5,5,5,positive
15652879261,15652879261,20415254195,414659819,"Functionality:terbaik
Material:meja buluh yg dicantum

Quite sturdy and the finishing is smooth.puas hati.",5,mohdhafizyasin,https://down-id.img.susercontent.com/file/my-11134103-7r98y-lx28sn80oi9674 || https://down-id.img.susercontent.com/file/my-11134103-7r98y-lx28sn80pwtm88 || https://down-id.img.susercontent.com/file/my-11134103-7r98t-lx28sn80rbe2b2,28/6/2024 6:38,Not Available,5,5,5,positive
67345607083,67345607083,20415254195,414659819,"Performance:Good

Good quality, only the stand is too long for working with a laptop. Thank you for the gift. Fast delivery.",5,samikoo,https://down-id.img.susercontent.com/file/my-11134103-7rask-mda3ryl080lf06 || https://down-id.img.susercontent.com/file/my-11134103-7rase-mda3ryl06m0z03 || https://down-id.img.susercontent.com/file/my-11134103-7rase-mda3ryl09fdhcf || https://down-id.img.susercontent.com/file/my-11134103-7rasf-mda3ryl06m8lb7,11/8/2025 8:15,Not Available,5,5,5,positive
55235303702,55235303702,20415254195,414659819,"Performance:Good

Good product quality, affordable price and also got free gift . Very worth it",5,f*****z,https://down-id.img.susercontent.com/file/my-11134103-7ras8-mbk76pmumhopae || https://down-id.img.susercontent.com/file/my-11134103-7ras9-mbk78n4qx9lz12,28/6/2025 23:19,Not Available,5,5,5,positive
82023171086,82023171086,20415254195,414659819,Bungkusan bagus tidak patah laju jgk smpai hrga pn ok murah sj utk letak rempah garam mmg elok,5,sitinajihahjieha,https://down-id.img.susercontent.com/file/my-11134103-820ld-micoakc8svsx53 || https://down-id.img.susercontent.com/file/my-11134103-820ld-micoakca7g90d7 || https://down-id.img.susercontent.com/file/my-11134103-820lb-micoakca61oka7 || https://down-id.img.susercontent.com/file/my-11134103-820l4-micoakc8uadd36 || https://down-id.img.susercontent.com/file/my-11134103-820lf-micoakcgbzeq5a,17/12/2025 6:12,Not Available,5,5,5,positive
52650762758,52650762758,20415254195,414659819,"Received in good condition
Well packed
Fast delivery
Thank you seller and shopee express delivery",5,noorzallynna,https://down-id.img.susercontent.com/file/my-11134103-7rasf-mbat1m2fklhjf7 || https://down-id.img.susercontent.com/file/my-11134103-7rasj-mbat1m2fm01z88,22/6/2025 9:29,1,5,5,5,positive
96325217233,96325217233,20415254195,414659819,Senang je nak pasang. Kejap je dah siap. Saiz comel masih blh letak byk brg.  Penghantaran sgt laju.,5,mageeana,https://down-id.img.susercontent.com/file/my-11134103-820l8-mn8p8ee7jd37ba,19/4/2026 14:15,Not Available,5,5,5,positive
12369239391,12369239391,3249801212,300594525,"Durability:GOOD👍
Quality:BEST👍

The style is very fashionable.The price is very fair.The most important thing is that it is practical.",5,k*****1,https://down-id.img.susercontent.com/file/my-11134103-7r98o-lkspvcnohtfb42,23/8/2023 22:19,Not Available,5,5,5,positive
12715194732,12715194732,3249801212,300594525,"Durability:sangat bagus
Quality:bagus

ok.tq seller.jam dah sampai.anak² suka.cantik..harga berpatutan dikala zaman madani ni.beli kat kedai lagi mahal..kat u juga murah..i give u 🌟🌟🌟🌟🌟",5,l*****a,https://down-id.img.susercontent.com/file/my-11134103-7r98u-lm8rmuv27qvnc2,29/9/2023 9:28,Not Available,5,5,5,positive
9222959679,9222959679,3249801212,300594525,"Quality:gooooooooooooood😘
Durability:loveeeeeeee

ahhhhhh i love it",5,x*****r,https://down-id.img.susercontent.com/file/my-11134103-22080-5bmqv21jt3fvef || https://down-id.img.susercontent.com/file/my-11134103-22080-zoxsdoomt3fvba || https://down-id.img.susercontent.com/file/my-11134103-22080-k1rvfmomt3fv17,10/8/2022 11:06,11,5,Not Available,Not Available,positive
8416792786,8416792786,3249801212,300594525,"Barang Selamat sampai Dan terima barang dalam keadaan baik, terima kasih seller boleh repeat lagi.",5,s*****2,https://down-id.img.susercontent.com/file/d42b4f1dcb6e681b2c5a7d177a6dea7b,19/5/2022 8:46,2,5,Not Available,Not Available,positive
9928827907,9928827907,3249801212,300594525,"Quality:Good
Durability:Good

Laju... Baramg terbaik... Berbaloi dgn harga... Boleh repaet lg... Anak2 suka sgt2...",5,msaifanan,https://down-id.img.susercontent.com/file/my-11134103-22100-aicl1wl7o9ivdd,29/10/2022 5:53,Not Available,5,5,5,positive
7346276684,7346276684,3249801212,300594525,"Jam dh smpai, semua dlm keadaan baik, packaging juga bagus, penghantaran sgt laju, tkasih",5,datinmaya82,https://down-id.img.susercontent.com/file/35e20a967a45898f30e9c9f7a1383c02 || https://down-id.img.susercontent.com/file/4d62e5513e638a36e9cc8d31380877c2,29/1/2022 3:03,2,5,Not Available,Not Available,positive
12623658409,12623658409,3249801212,300594525,"Quality:Good
Durability:Good

Item received in perfect condition, price is also reasonable, will purchase again in future.",5,samsonbeh8579,https://down-id.img.susercontent.com/file/my-11134103-7r98q-llu18vcqcp062a,19/9/2023 1:45,Not Available,5,5,5,positive
34495150884,34495150884,3249801212,300594525,"Durability:good
Quality:good

Jam tangan yg cantik sesuai utk anak dan selesa d gunakn,anak suka sangat,tq seller
Sangat² puas hati",5,nilamsari1999,https://down-id.img.susercontent.com/file/my-11134103-7ras8-m7vx4rx7nmclc2 || https://down-id.img.susercontent.com/file/my-11134103-7rask-m7vx4rx7p0x1a9,28/3/2025 7:03,Not Available,5,5,5,positive
13914895490,13914895490,3249801212,300594525,Terima kasih seller. Barang sudah sampai dengan selamat dan jayanya. Semuanya betul seperti yang diorder. Murah dan berbaloi dgn kualitinya. Semua berfungsi dengan baik. Comel...,5,ilaabdullah79,https://down-id.img.susercontent.com/file/my-11134103-7r98u-lqmpd37jpgse40,18/1/2024 1:24,Not Available,5,5,5,positive
87926043647,87926043647,3249801212,300594525,"Quality:ok
Durability:good

jam utk anak ke sekolah nice2 harga murrrr murr",5,l*****8,https://down-id.img.susercontent.com/file/my-11134103-820l9-mkexwkioh2pzde,7/2/2026 7:00,Not Available,5,5,5,positive
8305784877,8305784877,3249801212,300594525,"Serius la Bosss...semalam baru order, harini dah sampi..mmg terbaik lah...Jam pun cantik..seriusly korang kene beli dengan Seller ni guyss..Mmg berpatutan harga.. Harga murah kualiti gaya Mahall bossku...terima kasih seller...",5,m.amirullahamran,https://down-id.img.susercontent.com/file/9a146dabaca05f115152bfcf2edf8798,8/5/2022 8:11,Not Available,5,Not Available,Not Available,positive
40948440115,40948440115,3249801212,300594525,"Quality:baik
Durability:bagus

Penghantaran laju
Bungkusan kemas
Harga kene dengan barang 
Buat pakai² saja boleh lee",4,f*****s,https://down-id.img.susercontent.com/file/my-11134103-7rasg-m9fvpi1m5w4l48 || https://down-id.img.susercontent.com/file/my-11134103-7rasf-m9fvpi1m7ap19c,6/5/2025 12:07,Not Available,4,4,4,positive
13338083844,13338083844,3249801212,300594525,"Durability:bagus
Quality:tali button semua okay .

Barang sampai dengan pantas . Cukup dan semua berfungsi . Button pun berfungsi dengan baik . Thanks seller",5,n*****3,https://down-id.img.susercontent.com/file/my-11134103-7r98z-lojacr6sf9lic1 || https://down-id.img.susercontent.com/file/my-11134103-7r990-lojacr6sgo5yca || https://down-id.img.susercontent.com/file/my-11134103-7r98y-lojad1xapnpy4f,26/11/2023 5:04,Not Available,5,5,5,positive
52865593377,52865593377,3249801212,300594525,"Quality:good
Durability:good

received in very good condition nice watch thank you seller",5,faizalhassanur,https://down-id.img.susercontent.com/file/my-11134103-7ras8-mbcjbxnw8xsb4b || https://down-id.img.susercontent.com/file/my-11134103-7ras9-mbcjbxnm9cq26a,23/6/2025 14:28,Not Available,5,5,5,positive
12336925353,12336925353,3249801212,300594525,"Quality:bgus
Durability:nampak mcm tahan ... kita try tgok mcm mna .. elok order lagi",5,Not Available,https://down-id.img.susercontent.com/file/my-11134103-7r98o-lknpnzedp6nh7e || https://down-id.img.susercontent.com/file/my-11134103-7r98o-lknpnzedql7xef,20/8/2023 10:07,1,5,5,5,positive
13269053244,13269053244,3249801212,300594525,"Penghantaran normal, bungkusan kemas dan selamat, item cantik, diterima dalam keadaan baik.  Belum reset masa, harap boleh guna.  Kualiti barangan diterima belum guna lagi untuk menilai.  Harganya yang berpatutan dan berbaloi kiranya okay nanti.",5,a*****r,https://down-id.img.susercontent.com/file/my-11134103-7r98p-lo9thx3y66289b,19/11/2023 13:52,Not Available,5,5,5,positive
12113439293,12113439293,3249801212,300594525,"Quality:okhy dengan harga sangat cantik sukaaa sangat thankyou saller ♥
Durability:penghantaran pantas pembukusan terbaikk cantekk sangat saya suka kan nya",5,m*****5,https://down-id.img.susercontent.com/file/my-11134103-7qul6-ljrpnqs1bbyuaf || https://down-id.img.susercontent.com/file/my-11134103-7quky-ljrpnqtf9avqd0 || https://down-id.img.susercontent.com/file/my-11134103-7qul6-ljrpnqrrbqje72 || https://down-id.img.susercontent.com/file/my-11134103-7qukw-ljrpnqs1bbx657 || https://down-id.img.susercontent.com/file/my-11134103-7qul8-ljrpnqt59phy7f,29/7/2023 0:03,Not Available,5,5,5,positive
12384756799,12384756799,3249801212,300594525,Packing ok..harga pun murah..bole la untuk pakai suka2..kale cantik..nasib baik ade bagi skali INSTRUCTION WATCH untuk set jam ni... tak tau la betahan brape lama..jam murah kan..terima kasih seller,5,maszaimas,https://down-id.img.susercontent.com/file/my-11134103-7r98o-lkuuk8fwoz3zff,25/8/2023 10:08,Not Available,5,5,5,positive
12810240330,12810240330,3249801212,300594525,"Durability:cantik
Quality:terbaik

penhantan pantas,jam cantik,lain kali boleh beli lg...terbaikkk..kemahhh keming",5,a*****s,https://down-id.img.susercontent.com/file/my-11134103-7r98q-lmmu67ygy1ee1f || https://down-id.img.susercontent.com/file/my-11134103-7r98t-lmmu67ygzfyu07 || https://down-id.img.susercontent.com/file/my-11134103-7r98x-lmmu67yh0ujac9,9/10/2023 6:15,Not Available,5,5,5,positive
82282981310,82282981310,3249801212,300594525,"Quality:good
Durability:good

cantik,menarik dan tertarik kau mmg da bomb,bolehlh pakai buat kerja,next time boleh repeat lagi kat seller ni...",5,z*****2,https://down-id.img.susercontent.com/file/my-11134103-820lg-mifugj9avytj1b,19/12/2025 20:40,Not Available,5,5,5,positive
88234605158,88234605158,3249801212,300594525,"Quality:good
Durability:good

Received in good condition,tq seller,tq rider,tq shoppee.",5,o*****5,https://down-id.img.susercontent.com/file/my-11134103-820lf-mkjmbeelpkat6c || https://down-id.img.susercontent.com/file/my-11134103-820le-mkjmbeelqyv955 || https://down-id.img.susercontent.com/file/my-11134103-820lg-mkjmbeelsdfp6e,10/2/2026 13:58,Not Available,5,5,5,positive
65488709024,65488709024,3249801212,300594525,"Quality:good
Durability:baik

Dh sampai sehari masa ! Thank u harga murah sangat, will repeat lagi lepas ni macehhh banyak2",5,n*****9,https://down-id.img.susercontent.com/file/my-11134103-7rask-md36oftvxqtfb2,6/8/2025 11:57,Not Available,5,5,5,positive
12387713933,12387713933,3249801212,300594525,"Quality:ok

Bebaloi dngan harga...
Cantik...
Bagi yg alergi jam kulit,boleh try ni...
Murah,cantik dan tk gatal2...
👍👍👍",5,q*****f,https://down-id.img.susercontent.com/file/my-11134103-7r98o-lkv5mf8repj333 || https://down-id.img.susercontent.com/file/my-11134103-7r98o-lkv5mzirqfgf19 || https://down-id.img.susercontent.com/file/my-11134103-7r98o-lkv5n8jyijzz99 || https://down-id.img.susercontent.com/file/my-11134103-7r98o-lkv5nog39b1xf3 || https://down-id.img.susercontent.com/file/my-11134103-7r98o-lkv5o3kr49fjc4,25/8/2023 15:16,Not Available,5,5,5,positive
9613597084,9613597084,3249801212,300594525,"Quality:good

Cantik sangat
Warna pun cute
Anak suka sangat
Harga pun murah 
Berbaloi beli
Hrp2 blh tahan lama sikit",5,lizayusoff74,https://down-id.img.susercontent.com/file/my-11134103-22090-vdiqjl7xdphvce,20/9/2022 11:50,Not Available,5,4,4,positive
11817141998,11817141998,3249801212,300594525,"Quality:Terbaikk👍👍👍

Barang sampai dgn selamat😃 beli 4 terus🤭 memang cantik😍 murah pun murah😍 Lepas niey boleh repeat lagi🤭 terima kasih saya beli🥰",5,norsyazwani96,https://down-id.img.susercontent.com/file/my-11134103-7qul5-lid6whcpj04j07 || https://down-id.img.susercontent.com/file/my-11134103-7qul1-lid6x1khxyyua3 || https://down-id.img.susercontent.com/file/my-11134103-7qul5-lid734n5ctaee1,23/6/2023 14:33,Not Available,5,5,5,positive
12572908185,12572908185,3249801212,300594525,"Quality:sangat terbaik

jam ok lah kualiti sangat nice ni kali ke dua beli and terus borong bnyk'🤭",5,shaziraabdullah050622,https://down-id.img.susercontent.com/file/my-11134103-7r98o-llm337h4vhic10 || https://down-id.img.susercontent.com/file/my-11134103-7r98o-llm337h5axu8a6 || https://down-id.img.susercontent.com/file/my-11134103-7r98v-llm33pzvqdlw5b || https://down-id.img.susercontent.com/file/my-11134103-7r98o-llm33pzlqs84f5,13/9/2023 12:04,Not Available,5,5,5,positive
12556529462,12556529462,3249801212,300594525,"Durability:padu dan mantap
Quality:berkesan

penghantaran yg terlampau cepat.. proses pun laju ja.. barang sampai dalam keadaan yg tiptop.. packaging jugak kemas.. barang dalam keadaan ok.. saya berpuas hati membeli barang dekat seller ni..pantas n superb.. pendek kata, semua ok lah.. tu belum panjang yang kata.. tahniah seller!!",5,manspiroon83,https://down-id.img.susercontent.com/file/my-11134103-7r98p-llkaf687y7vx28 || https://down-id.img.susercontent.com/file/my-11134103-7r98q-llkaf687irn1f3,12/9/2023 5:51,Not Available,5,5,5,positive
12081361640,12081361640,3249801212,300594525,memang lawa gila dengan tali dia clear warnanya .. warna purple pun lawa,5,b*****a,https://down-id.img.susercontent.com/file/my-11134103-7qukw-ljm5t3lvex5i51,25/7/2023 2:46,1,5,5,5,positive
12449681431,12449681431,3249801212,300594525,"Quality:baik
Durability:baik

Barang baru smpi....so far ok la ....berbaloi dgn harga....bagi ank2 pakai p sekolah",5,zainolarifinismail,https://down-id.img.susercontent.com/file/my-11134103-7r98z-ll4tx5leh4kt6d || https://down-id.img.susercontent.com/file/my-11134103-7r98r-ll4tx5lejxppc4 || https://down-id.img.susercontent.com/file/my-11134103-7r98x-ll4tx5leij59de || https://down-id.img.susercontent.com/file/my-11134103-7r98s-ll4tx5lelca5cc || https://down-id.img.susercontent.com/file/my-11134103-7r98p-ll4tx5lemqul2e,1/9/2023 10:03,Not Available,5,5,5,positive
11089746721,11089746721,3249801212,300594525,"Durability:bagus
Quality:mmg best

pembungkusan bagus sekali. terima kasih seller. jam jg berkualiti",5,ubibits,https://down-id.img.susercontent.com/file/my-11134103-7quky-lettvwq9b59079,26/3/2023 8:53,1,5,5,5,positive
12064352137,12064352137,3249801212,300594525,"Quality:cantik
Durability:memang nice

Seller memang terbaik and top 😃",5,saraathirah219,https://down-id.img.susercontent.com/file/my-11134103-7qula-ljikugv2elhybb || https://down-id.img.susercontent.com/file/my-11134103-7qul8-ljikv44gd6ja19,22/7/2023 14:26,1,5,5,5,positive
12531862571,12531862571,3249801212,300594525,"Quality:cun
Durability:terbaik

Terima kasih seller barang dah sampai.. maaf gambar silap sebab tak sempat snap bytheway barang cun not bad nanti boleh repeat order lain. Hhehe tq tq tq tau heheh",5,ashraffitri97,https://down-id.img.susercontent.com/file/my-11134103-7r98z-llh5j5p4sokt6c,10/9/2023 1:11,1,5,5,5,positive
64462873579,64462873579,3249801212,300594525,"Durability:good
Quality:good

Barang sampai cepat..dibungkus dengan baik sekali..warna pilihan yang tepat..",5,m*****5,https://down-id.img.susercontent.com/file/my-11134103-7rasm-mcrro7jzsmy773 || https://down-id.img.susercontent.com/file/my-11134103-7rasf-mcrro7jzu1inea || https://down-id.img.susercontent.com/file/my-11134103-7rasb-mcrro7jzwunje8,29/7/2025 12:03,Not Available,5,5,5,positive
30930676865,30930676865,3249801212,300594525,"Quality:good

Srs murah gila nok , dah la cantikkk 😍 menyesal beli satu 😭 nanti nak repeat order color lain 😍 sampai pun cepat jer 🫶🏻 takde apa ii yang rosak , sampai jer bukak terus dah boleh guna 🫶🏻🤍",5,_*****h,https://down-id.img.susercontent.com/file/my-11134103-7rasd-m68hm1624oyx6b || https://down-id.img.susercontent.com/file/my-11134103-7rash-m68hm16263jdff || https://down-id.img.susercontent.com/file/my-11134103-7rash-m68hm1624p2gd9,14/2/2025 15:42,Not Available,5,5,5,positive
11625905116,11625905116,3249801212,300594525,"the watch is really pretty and its so easy to set too! Will definitely buy again , the delivery was fast and really good , no defects and i choose purple colour ^_^ i hope it will lastt long and affordable for the price !!",5,mklsdf4,https://down-id.img.susercontent.com/file/my-11134103-7qul3-lhfzy0ukhuxpd1,31/5/2023 8:20,Not Available,5,5,5,positive
9273232998,9273232998,3249801212,300594525,"Quality:good
Durability:good

I bought for my sister and its veryyyyyyyy good qualityyyy she loves it!!! Thank youu",5,Not Available,https://down-id.img.susercontent.com/file/my-11134103-22080-bmvu42n7d0fv26,15/8/2022 1:33,2,5,Not Available,Not Available,positive
11980914212,11980914212,3249801212,300594525,"Quality:Good
Durability:Very good

Item sampai dalam keadaan baik dan sempurna cukup semua",5,gulamelaka8338,https://down-id.img.susercontent.com/file/my-11134103-7qul2-lj54ii9xqhk318 || https://down-id.img.susercontent.com/file/my-11134103-7qul2-lj54ii9xrw4jcb || https://down-id.img.susercontent.com/file/my-11134103-7qukz-lj54ii9xtaoz67,13/7/2023 4:22,Not Available,5,5,5,positive
6991399461,6991399461,3249801212,300594525,Warna cantik...tali lembut..murah...untuk nak hadiahkan sapa ii pon blh...cantik...tali agak panjang kalau tngan kecil,5,najidahmajid,https://down-id.img.susercontent.com/file/7d5c1ec02da09e7f7bf878edc7eaa604 || https://down-id.img.susercontent.com/file/8d105bec140e6908eac0bd14ab05c0bc || https://down-id.img.susercontent.com/file/8fef9e6dc572d5e7d56321a6bb10c85e,21/12/2021 15:11,12,5,Not Available,Not Available,positive
95337034066,95337034066,3249801212,300594525,"Quality:cantik
Durability:ringan takdela berat sgt

Cantik , sesuai la pakai untuk orang dewasa dan kanak2",5,nsasfikah27,https://down-id.img.susercontent.com/file/my-11134103-820l4-mmvgo088i32957,10/4/2026 7:30,Not Available,5,5,5,positive
8892525416,8892525416,3249801212,300594525,"Quality:good
Durability:okey

All the watches is good,just not set it yet, all looks beautiful, good service from the seller, will repeat order next time, thank you seller 😊",5,Not Available,https://down-id.img.susercontent.com/file/my-11134103-22070-hx7dodyq4pev27,7/7/2022 7:52,Not Available,5,Not Available,Not Available,positive
13406679134,13406679134,3249801212,300594525,"Durability:cantik
Quality:good

Barang cantik dan pembungkusan sangat baik. Penghantaran cepat dan pantas. Boleh beli lagi di lain hari. Barang berpatutan dengan harga.Sesuai untuk dijadikan hadiah buat anak-anak kecil.",4,9ynbduck9p,https://down-id.img.susercontent.com/file/my-11134103-7r98p-los7eilml7kg81,2/12/2023 11:05,Not Available,4,5,5,positive
12256543700,12256543700,3249801212,300594525,👍🏻👍🏻 Bubble wrap tebal. Bila pakai rasa smart and sporty 😎😎😎,5,afeefnie,https://down-id.img.susercontent.com/file/my-11134103-7qul5-lkc7e9g5g8hh08 || https://down-id.img.susercontent.com/file/my-11134103-7qul3-lkc7e9g50s1h22 || https://down-id.img.susercontent.com/file/my-11134103-7qul7-lkc7e9g5g8addd || https://down-id.img.susercontent.com/file/my-11134103-7qul2-lkc7e9g50s8l64 || https://down-id.img.susercontent.com/file/my-11134103-7qul1-lkc7e9g5onw5f1,12/8/2023 8:45,3,5,5,5,positive
11692581660,11692581660,3249801212,300594525,"Quality:look good
Durability:will try

Seller fast response,fast packing, fast shipping, courier fast delivery, very satisfied.",5,z*****e,https://down-id.img.susercontent.com/file/my-11134103-7qul0-lhriqg3k2tbhe1 || https://down-id.img.susercontent.com/file/my-11134103-7qul7-lhriqg3k47vx7a || https://down-id.img.susercontent.com/file/my-11134103-7qukx-lhriqg3k5mgdd6,8/6/2023 14:53,2,5,5,5,positive
3493598788,3493598788,3249801212,300594525,Nice quality product and value for money.. It also fast delivery depends on your area actually..,5,honeymad99,https://down-id.img.susercontent.com/file/5f8138ee88ce6b981aa1a64fd63ac993 || https://down-id.img.susercontent.com/file/e055900749b22e859b9e53fc7d11fb44 || https://down-id.img.susercontent.com/file/0a93c3695e35117f1c1908c6bfd9e0fa || https://down-id.img.susercontent.com/file/69cc0f2ce8f31043945affa39d1ba8c7 || https://down-id.img.susercontent.com/file/f6380783cd665270b889d4dacf5c68c3,28/11/2020 13:55,3,5,Not Available,Not Available,positive
13099193271,13099193271,3249801212,300594525,"Durability:puas hati
Quality:cantik

Penghantaran yg cepat dan dbalut ngn kemas..",5,nurhidayah_hadnan,https://down-id.img.susercontent.com/file/my-11134103-7r98v-lnp4x2fpr3p978 || https://down-id.img.susercontent.com/file/my-11134103-7r98s-lnp4x2fpsi9pee || https://down-id.img.susercontent.com/file/my-11134103-7r98s-lnp4x2fptwu595 || https://down-id.img.susercontent.com/file/my-11134103-7r98t-lnp4x2fpvbelc8 || https://down-id.img.susercontent.com/file/my-11134103-7r98s-lnp4x2fpwpz170,5/11/2023 2:05,3,5,5,5,positive
31315717591,31315717591,3249801212,300594525,"ALHAMDULILLAH selamat sampai dengan jayanya, terima kasih byk2 kepada seller yang baik hati dan kurier yang terpantas di asia tenggara, so recommended kepada semua rakyat Malaysia so terima kasih skali lagi",5,leenuri684,https://down-id.img.susercontent.com/file/my-11134103-7rasf-m6ghhqsotoxld1 || https://down-id.img.susercontent.com/file/my-11134103-7rasi-m6ghhqsowi2h0e || https://down-id.img.susercontent.com/file/my-11134103-7rasa-m6ghhqsoxwmx0d,20/2/2025 6:11,Not Available,5,5,5,positive
14094574453,14094574453,3249801212,300594525,"Quality:Kualiti sngt Bgus
Durability:design cntik sngt

Tq Seller barang dh smpai .....jam ni cntik sngt sy suka nmpk mcm mahal....srs terkejut bila smpai jam tu siap Seller bgi kotak lgi First time beli jam ada kotak....suka suka suka sngt",5,ulacfsgcie,https://down-id.img.susercontent.com/file/my-11134103-7r990-lraua2qlkeev92 || https://down-id.img.susercontent.com/file/my-11134103-7r98o-lraua2s9hypje3 || https://down-id.img.susercontent.com/file/my-11134103-7r98p-lraua2t3gqw403,3/2/2024 23:10,Not Available,5,5,5,positive
13062975535,13062975535,3249801212,300594525,"Durability:okk good 👍
Quality:okk lahh

Barang smpai dgn selamat tanpa sebarang kerosakan... delivery cepat ni kali ke 2 repeat order...jam cantik sesuai la ngn ank2 
tQ seller 😘🌹♥️",5,a*****3,https://down-id.img.susercontent.com/file/my-11134103-7r98u-lnk0yhm03am540,1/11/2023 12:13,Not Available,5,5,5,positive
10949579012,10949579012,3249801212,300594525,"Quality:sangat memuaskan boleh la berbaloi dengan harga
Durability:ok

Cepat ..trusted seller",5,k.nurul,https://down-id.img.susercontent.com/file/my-11134103-23030-kchwf7bogeov46 || https://down-id.img.susercontent.com/file/my-11134103-23030-k5e67c6ogeov16,8/3/2023 9:33,17,5,5,5,positive
11980896451,11980896451,3249801212,300594525,"Durability:Good
Quality:Very good

Item sampai dalam keadaan baik cukup sifat kotak pon takde kemek2",5,gulamelaka8338,https://down-id.img.susercontent.com/file/my-11134103-7qul3-lj54ii9xkvabf4 || https://down-id.img.susercontent.com/file/my-11134103-7qul5-lj54ii9xm9urf2 || https://down-id.img.susercontent.com/file/my-11134103-7qul2-lj54ii9xnof70b || https://down-id.img.susercontent.com/file/my-11134103-7qul3-lj54ii9xp2znbc,13/7/2023 4:20,2,5,5,5,positive
12506528705,12506528705,3249801212,300594525,"Quality:Getah lembut

Beli utk ank.. Alhamdulillah ank anak suka dgn jam ni.. Boleh la diaorg bergaya p sek.. Jam pun sampai dgn selamat dan cNtik jam dy",5,nurfarayusup,https://down-id.img.susercontent.com/file/my-11134103-7r98u-lldgqlf2tyst2b || https://down-id.img.susercontent.com/file/my-11134103-7r98r-lldgqkldlyd012 || https://down-id.img.susercontent.com/file/my-11134103-7r992-lldgqkle1elw7c,7/9/2023 11:07,Not Available,5,5,5,positive
90998818208,90998818208,3249801212,300594525,"Quality:The watch feels nice and look stylish when worn and it’s comfortable
Durability:The band is soft and the watch seems to last longer

The price and quality is really great i recommend it",5,4*****a,https://down-id.img.susercontent.com/file/my-11134103-820la-mlgbsiwr3eo35b,5/3/2026 11:40,Not Available,5,5,5,positive
10904097756,10904097756,3249801212,300594525,"Quality:bagus cantik terletak bila pakai
Durability:tali lembut dan panjang sikit sesuai betul

Dah la murah cantik pulak memang kene beli 
Seller jual barang berkualiti bagus 🫶👍",5,shabeel16,https://down-id.img.susercontent.com/file/my-11134103-23030-2kdj1a0387nv56 || https://down-id.img.susercontent.com/file/my-11134103-23030-6rtnddf487nv2a || https://down-id.img.susercontent.com/file/my-11134103-23030-6jndjrn487nvaf,3/3/2023 7:49,3,5,5,5,positive
9211411531,9211411531,3249801212,300594525,Ok brg sgt baik n cantik.harge pun berpatutan.yg cun lampu bole tukar2.recomended seller.hantar pun pantas,5,nizamsharif,https://down-id.img.susercontent.com/file/my-11134103-22080-d3bk85c2b2fvf2 || https://down-id.img.susercontent.com/file/my-11134103-22080-3grwisl2b2fv50 || https://down-id.img.susercontent.com/file/my-11134103-22080-teg59zc3b2fv4d,9/8/2022 10:03,18,5,Not Available,Not Available,positive
9677501826,9677501826,3249801212,300594525,"Quality:ok..berbaloi dengan harga
Durability:semua nya ok

Pengeposan cepat.
Dapat warna yg d mahukan.
Belikan utk anak pg sek..since jam lama dia hilang.
Anak happy,mak pun sronok membeli.",5,pijafiza87,https://down-id.img.susercontent.com/file/my-11134103-22090-ozhmqy1fh1hv7a || https://down-id.img.susercontent.com/file/my-11134103-22090-zoxo3w1fh1hv65 || https://down-id.img.susercontent.com/file/my-11134103-22090-re5owx1fh1hv62 || https://down-id.img.susercontent.com/file/my-11134103-22090-nzhmqy1fh1hv65,28/9/2022 6:25,1,5,5,5,positive
13000141020,13000141020,3249801212,300594525,"Durability:baik
Quality:baik dan tiada masalah

Jam sampai dengan selamat , postage pun xlama sangat . Kualiti jam memang elok , takdaa calar & terbaik . Thankyou seller , nanti boleh repeat lagi 🤲🏻👍",5,yunieeeeees,https://down-id.img.susercontent.com/file/my-11134103-7r98v-lnbb0gg3np30bc,26/10/2023 9:30,0,5,5,5,positive
15087537042,15087537042,3249801212,300594525,"Barang sampai dengan cepat dan sempurna.
Anak perempuan saya suka dengan jam ni.
Masa tepat,lampu jam terang pada waktu malam dan senang nak tengok masa,hari dan tarikh.
Memang berbaloi dengan harga.",5,f8nodc01wf,https://down-id.img.susercontent.com/file/my-11134103-7r991-lux8t1dec12r06,5/5/2024 7:56,Not Available,5,5,5,positive
12770051193,12770051193,3249801212,300594525,Tq seller brg dah selamat sampai. Jam berfungsi dalam keadaan baik. Adik suka sngt jam tu dan boleh tukar2 sbb beli dua warna. Penghantaran pun pantas👍🏻👍🏻👍🏻👍🏻,5,nsydtlhzrh,https://down-id.img.susercontent.com/file/my-11134103-7r98z-lmh3cq67qw0m71,5/10/2023 5:32,1,5,5,5,positive
11462675689,11462675689,3249801212,300594525,"Quality:baekkk comell terokk🥹🫶🏻
Durability:Tak pasti sbb blom try n blom kne air so tkley nk over claimed sgt just nice dgn hrga ❤️

Problem kt sye sbb tk reti setting eheheheh ni bli utk adk sdre bfday diorng 🥳hrga mmng murh stu tu jerr yg lmpu liplapp lain wrna biru 🙆🏻‍♀️✨",5,h*****t,https://down-id.img.susercontent.com/file/my-11134103-7qul2-lglpfr16xxex7d || https://down-id.img.susercontent.com/file/my-11134103-7qukx-lglw6rhkejc9ac,10/5/2023 6:18,6,5,5,5,positive
11542453873,11542453873,3249801212,300594525,"Quality:Very good
Durability:So far so good

Bought this watch last time for my daughter & now bought this for all my kids sebab jam ini tahan lasak. Just knew that lampu tu can change to many colours. I bought one for myself also. Recommended watch.",5,asnur_inara,https://down-id.img.susercontent.com/file/my-11134103-7qul4-lh05v61y6tgtf9,20/5/2023 6:08,5,5,5,5,positive
11728668347,11728668347,3249801212,300594525,"Durability:jam tangan
Quality:terbaik

Puas hati beli.. harga xlogik dgn brg.. tali lembut mcm jam ori.. selesa sgt pkai..",5,nasruddinkamaruzaman,https://down-id.img.susercontent.com/file/my-11134103-7qul5-lhxgef426od99d || https://down-id.img.susercontent.com/file/my-11134103-7qukx-lhxgef4282xp6c || https://down-id.img.susercontent.com/file/my-11134103-7qukz-lhxgef429hi5db || https://down-id.img.susercontent.com/file/my-11134103-7qul6-lhxgef42aw2lf1 || https://down-id.img.susercontent.com/file/my-11134103-7qul1-lhxgef42can133,12/6/2023 13:54,13,5,5,5,positive
10870108681,10870108681,3249801212,300594525,"Durability:berfungsi dengan baik
Quality:sangat berkualiti

Good produk quality dan good value for money penghantaran cukup pantas dan cepat terbaik seller dan pihak shopee Express,tiada kerosakan packing pun terbaik sangat berpuas hati",5,m*****d,https://down-id.img.susercontent.com/file/my-11134103-23020-l0agiifn51nv79,27/2/2023 1:21,5,5,5,5,positive
10825037350,10825037350,3249801212,300594525,"Quality:Baik
Durability:Memuaskan

Item diterima dalam keadaan baik , jam smua elok bfungsi tiada sbrg kerosakan atau calar.. lawaa.. bole repeat order lagi nextime 🙈🙈 tq❤❤",5,Not Available,https://down-id.img.susercontent.com/file/my-11134103-23020-6prpq29oqrnv58,20/2/2023 11:33,3,5,5,5,positive
11810588529,11810588529,3249801212,300594525,"Durability:bagus
Quality:baik

tq seller..brg dah sampai..kualiti baik,cantik,simple..beli untuk anak.dia pun suka..delivery shopee xpress pun terbaik..seller rahmah mesra chat tanya pasal courier.yang penting bukan JNT..Area saya JNT Memang kurang bagus..",5,l*****a,https://down-id.img.susercontent.com/file/my-11134103-7qukz-lic9j24mt45iec,22/6/2023 22:55,6,5,5,5,positive
79367391907,79367391907,20415254195,414659819,Puas hati,1,myraaina,Not Available,3/12/2025 11:40,Not Available,1,5,5,positive
16091846783,16091846783,5461025272,140989724,"Material:bagus
Quality:bagus

Penghantaran pantas tq",1,duan5255,Not Available,7/8/2024 6:04,Not Available,1,5,5,positive
13217697222,13217697222,19628551285,764456949,"Performance:10/10

Very satisfied with the nice and aesthetic color and it’s chargeable from ipad",1,t*****e,https://down-id.img.susercontent.com/file/my-11134103-7r98t-lo3x67462fieef || https://down-id.img.susercontent.com/file/my-11134103-7r98u-lo3x7waegx80fd,15/11/2023 10:43,2,1,5,5,positive
14242844640,14242844640,23570921686,366421965,"Portability:mantapp
Performance:terbaikk

memang puas hati ‘ memang berbaloi. harga mampu milik’ memang berbaloi beli. tak berat. sangat ringan dan power. mudah dibawa kemana mana. penghantaran sangat laju. ambil masa 2 hari saja. trusted . recommend sangat. terima kasihh. dengan adanya vecuum ni. kerja rumah saya lagi bertambah mudah",5,takdanamaa,https://down-id.img.susercontent.com/file/my-11134103-7r98y-lrx1cao7vrav10,19/2/2024 12:18,82,5,5,5,positive
12646897789,12646897789,23570921686,366421965,"Performance:Excellent
Portability:Mantap & mempadu

Vacuum Selamat mendarat di rumah Saya hari ini (Thursday 21/09/2023)begitu pantas sekali deliverynya.. memang tiptop..item dtg dlm keadaan baik, complete dan tiada kerosakan serta kecacatan.. seller amat dipercayai..boleh repeat lagi selepas ni.. Vacuum berfungsi dgn baik Dan boleh digunakan... Good job seller 👍😁 beli time Shocking sale..dpt harga terpaling murah...Untung berbaloi baloi wa ckp lu...",5,b9luvy8nf9,https://down-id.img.susercontent.com/file/my-11134103-7r98r-llxfldnbtx1yf0 || https://down-id.img.susercontent.com/file/my-11134103-7r98t-llxfldnbwq6u64 || https://down-id.img.susercontent.com/file/my-11134103-7r98t-llxfldnbvbme82 || https://down-id.img.susercontent.com/file/my-11134103-7r98r-llxfldnby4raa5 || https://down-id.img.susercontent.com/file/my-11134103-7r98r-llxfldnbzjbq9f,21/9/2023 12:45,207,5,5,5,positive
13522012983,13522012983,23570921686,366421965,"Portability:handy vacuum
Performance:good

Very good wireless vacuum. Really easy to use and very comfortable. I used to clean the fan last night. The stick is so long and can reach the fan.Not heavy when holding it on the top of your head to reach the top wall. Delivery is quite fast. Trusted seller. Cheap n affordable and quality product. Keep it up seller. Always do live so you guys can follow their page to enjoy more discount and vouchers yea",5,ilifnur123fad,https://down-id.img.susercontent.com/file/my-11134103-7r991-lp75o6603xcgf5 || https://down-id.img.susercontent.com/file/my-11134103-7r98z-lp75o6605bwwde || https://down-id.img.susercontent.com/file/my-11134103-7r98z-lp75o6606qhc72,12/12/2023 22:33,8,5,5,5,positive
13536292818,13536292818,23570921686,366421965,"Performance:Mantul

Alhamdulillah brg smpi dgn selamat. Item completed, Xda kerosakan. Ada instruction manual skali. Brand ST sgt best. Harga berbaloi2 xrugi beli. Sampai je vacuum terus try. Function well, sedut segala benda, bunyi x noisy sgt.. highly recommended. Fast delivery, fast chat, much thanks seller😉",5,shairaazlan,https://down-id.img.susercontent.com/file/my-11134103-7r98w-lp8tx17uprqw14 || https://down-id.img.susercontent.com/file/my-11134103-7r98w-lp8tx17v57zsbf,14/12/2023 2:46,74,5,5,5,positive
96290646988,96290646988,23570921686,366421965,"Portability:Lightweight, Cordless, And Very Easy To Carry Anywhere
Performance:Strong Suction, Efficient Cleaning, And Very Reliable

Excellent product and truly one of the best vacuum cleaners I’ve purchased! The performance is powerful and efficient, making cleaning super easy and satisfying. It picks up dust and dirt very well, whether on floor, carpet, or even in the car. The suction power is impressive for its size, and it feels like a premium product. What I really love is the complete set of accessories — very useful and practical for different cleaning needs. Everything works perfectly and fits nicely. I even bought 2 units straight away, one in green and one in pink, both look very attractive and stylish. Really worth it! The design is modern, lightweight, and easy to handle. Battery performance is good and convenient since it’s cordless. Cleaning becomes faster and more enjoyable. Packaging was neat, secure, and well protected. Items arrived safely in perfect condition. Huge thanks to the seller for the excellent service, And also big respect to the courier for the super fast and careful delivery. Great value for money, premium feel, and highly recommended. Very satisfied with this purchase. Confirm will support again! Terbaik Bosque, Awesome 🇲🇾😎👍",5,eddy21stggk,https://down-id.img.susercontent.com/file/my-11134103-820lb-mn8brkurw2kgb1 || https://down-id.img.susercontent.com/file/my-11134103-820l8-mn8brkurf7r66e || https://down-id.img.susercontent.com/file/my-11134103-820ld-mn8brkurgmbm80,19/4/2026 7:56,2,5,5,5,positive
1.00E+11,1.00E+11,50853144320,1602776229,"Effectiveness:easy to wear
Durability:not easy damaged

Received in good condition and correct",5,huiing_1010,https://down-id.img.susercontent.com/file/my-11134103-820lg-mpac0lyrjlsc45,10/6/2026 4:14,Not Available,5,5,5,positive
87274010612,87274010612,50853144320,1602776229,"Material:plastic

Seller response fast, packing fast. Delivery despatch is also very prompt. Overall experience is good. 

On the product, it arrived safely technically. Hope the goods last long",3,k*****2,Not Available,2/2/2026 13:59,Not Available,3,5,5,positive
97277603873,97277603873,47907181122,1602776229,"Material:Plastic
Effectiveness:Ok

Material plastic..boleh lah nak guna untuk di dalam tandas..barang memang cantik..",5,wanhashimie,https://down-id.img.susercontent.com/file/my-11134103-820l4-mnkxo4nogsg320,28/4/2026 3:49,2,5,5,5,positive
1.01E+11,1.01E+11,47907181122,1602776229,"Effectiveness:ok. working well
Material:is plastic abs material. light and easy to handle

Hope product can last long. Acceptable quality products. Thanks seller",4,h*****1,https://down-id.img.susercontent.com/file/my-11134103-820l4-mitm2feir2mf7a || https://down-id.img.susercontent.com/file/my-11134103-820lh-mitm2fed1zpf91,29/12/2025 3:01,Not Available,4,5,5,positive
1.01E+11,1.01E+11,47907181122,1602776229,"Effectiveness:Barang Jadi
Material:Plastik

Packing baik
Cepat sampai 
Sempurna 
Produk berbaloi dengan harga nya.
Tq seller.",5,ardieskywalker,https://down-id.img.susercontent.com/file/my-11134103-820l5-mpeob3yowm4vcd || https://down-id.img.susercontent.com/file/my-11134103-820lf-mpeob3yhyl1df3 || https://down-id.img.susercontent.com/file/my-11134103-820la-mpeob3yhyl1ndb || https://down-id.img.susercontent.com/file/my-11134103-820li-mpeob3yj1wxs5f,13/6/2026 5:16,Not Available,5,5,5,positive
15872893088,15872893088,3249801212,300594525,Tahula harga barang 3.50 jgnla pos brg yg xbole pkai,1,faraeyreena82,https://down-id.img.susercontent.com/file/my-11134103-7r98o-lxtlihlwqhrk84,17/7/2024 10:31,Not Available,1,5,5,negative
5286024993,5286024993,3249801212,300594525,"What can i say , the seller is not being helpful at all . Takes so much time to response . Dont want to take the responsibility for the damage item  . I bought like 45 pcs and 3 have defect , lol bad service + bad product quality .",1,y*****m,Not Available,6/7/2021 6:09,Not Available,1,1,5,negative
5383953035,5383953035,3249801212,300594525,Tak best langsung. Jam calar. Susuh nak setting. Rugi je beli,1,lynealyna,Not Available,14/7/2021 17:06,Not Available,1,1,3,negative
10841255988,10841255988,3249801212,300594525,"Quality:poor
Durability:poor

Not my watch type...",1,puteraeswaarrapswags,Not Available,22/2/2023 16:19,Not Available,1,5,5,negative
9880725499,9880725499,3249801212,300594525,"Quality:2

Bli 2 ,1 rosak…seller cek dulu sblum kluar",1,syaifulnizam1979,Not Available,22/10/2022 22:55,Not Available,1,5,5,negative
10283321706,10283321706,3249801212,300594525,Quality:jam rosak,1,nazri6097,https://down-id.img.susercontent.com/file/my-11134103-22120-68movzzidzkv07,12/12/2022 3:48,Not Available,1,5,5,negative
99070390942,99070390942,16464143308,764456949,Stability:dah sampai pastu kaki patah tak function nak guna,1,ggb20jdumy,Not Available,24/5/2026 13:46,Not Available,1,5,5,negative
77830160346,77830160346,16464143308,764456949,"Not sturdy enough, made from plastics. Yall better buy stainless steel one this one might be broken next 3-4 months i guarantee. I dont know why so hype this brand btw my laptop 15 inch",1,s*****g,https://down-id.img.susercontent.com/file/my-11134103-820l9-mgf8zne581sf93,29/10/2025 14:50,Not Available,1,2,3,negative
76325986801,76325986801,16464143308,764456949,可调节的角度与图片不符，调到最极限了还是太高,1,j*****1,https://down-id.img.susercontent.com/file/my-11134103-820lc-mfs0l1xpce8ca9 || https://down-id.img.susercontent.com/file/my-11134103-820l8-mfs0lo4mgnbg60,13/10/2025 8:07,Not Available,1,5,5,negative
13933683293,13933683293,16464143308,764456949,"Performance:flimsy

Not a good stand",1,dmi316,Not Available,19/1/2024 13:01,Not Available,1,5,5,negative
78326969908,78326969908,20415254195,414659819,Takda dpt free gift,1,nurulizza.abdullah,Not Available,5/11/2025 2:25,Not Available,1,5,5,negative
40688687682,40688687682,20415254195,414659819,Didn’t receive,1,fanyaudi,Not Available,5/5/2025 13:37,Not Available,1,5,5,negative
39836622922,39836622922,20415254195,414659819,barang tak de,1,z*****1,Not Available,29/4/2025 7:12,Not Available,1,5,5,negative
65465224433,65465224433,20415254195,414659819,No free gift,1,r*****p,Not Available,5/8/2025 7:30,Not Available,1,5,5,negative
64080843228,64080843228,20415254195,414659819,Tiada barang,1,irana07,Not Available,28/7/2025 2:04,Not Available,1,5,5,negative
73864540067,73864540067,20415254195,414659819,didnt get the item,1,khrinaaa,Not Available,17/9/2025 7:54,Not Available,1,5,5,negative
67974691575,67974691575,20415254195,414659819,Tak dapat pun,1,a*****7,Not Available,14/8/2025 5:23,Not Available,1,5,5,negative
67919919490,67919919490,20415254195,414659819,Performance:O,1,aimisham,Not Available,13/8/2025 15:45,Not Available,1,5,5,negative
97931116822,97931116822,20415254195,414659819,ape bende ni kayu patah kerusi tak boleh bukak,1,azizizack83,https://down-id.img.susercontent.com/file/my-11134103-820l6-mo6b0zjmf6dfc7,13/5/2026 3:13,Not Available,1,1,1,negative
98881278225,98881278225,20415254195,414659819,"Material:poor

Dont know how this thing use for",1,fuimaypang,Not Available,21/5/2026 1:02,Not Available,1,3,5,negative
90781994291,90781994291,20415254195,414659819,Xdapat pun physical,1,m*****t,Not Available,3/3/2026 22:43,Not Available,1,5,5,negative
89567082568,89567082568,20415254195,414659819,X dptnpon,1,epaepaepa,Not Available,22/2/2026 11:35,Not Available,1,5,5,negative
79319137268,79319137268,20415254195,414659819,Xsama tggi,1,r*****a,Not Available,18/11/2025 23:42,Not Available,1,1,1,negative
85754317226,85754317226,20415254195,414659819,Rosakk,1,mimiey_1998,https://down-id.img.susercontent.com/file/my-11134103-820lh-mjmxabp0xfd1dc || https://down-id.img.susercontent.com/file/my-11134103-820lf-mjmxabopui2pab,18/1/2026 15:52,Not Available,1,5,5,negative
83244694847,83244694847,20415254195,414659819,X dpt pun brg nyer..,1,fieylovers,Not Available,28/12/2025 14:47,Not Available,1,5,5,negative
81391733439,81391733439,20415254195,414659819,Xdpt pon,1,0*****n,Not Available,11/12/2025 11:44,Not Available,1,5,5,negative
42646556049,42646556049,20415254195,414659819,Not received.,1,w*****7,Not Available,16/5/2025 12:35,Not Available,1,1,5,negative
43343717570,43343717570,20415254195,414659819,late,1,naslinda_nasir,Not Available,20/5/2025 9:16,Not Available,1,1,1,negative
78733700978,78733700978,20415254195,414659819,Pun sama tk dpt apa2,1,sufihawanordina,Not Available,12/11/2025 9:13,Not Available,1,5,5,negative
93146158432,93146158432,20415254195,414659819,"Ni apa yee..kotak ke, saya beli meja lipat",1,m*****d,Not Available,24/3/2026 8:12,Not Available,1,5,5,negative
64116635666,64116635666,20415254195,414659819,Performance:Not received free gift konon,1,a*****9,Not Available,28/7/2025 13:58,Not Available,1,5,5,negative
97775366204,97775366204,20415254195,414659819,Item not received.,1,e*****z,Not Available,10/5/2026 12:50,Not Available,1,5,5,negative
97765852544,97765852544,20415254195,414659819,bad seller,1,e*****9,Not Available,10/5/2026 0:31,Not Available,1,5,5,negative
85129795555,85129795555,20415254195,414659819,Bad quality,1,sabarl527,Not Available,13/1/2026 4:48,Not Available,1,1,5,negative
95561378235,95561378235,20415254195,414659819,Xdpt pn,1,l*****a,Not Available,13/4/2026 1:12,Not Available,1,1,5,negative
99106565422,99106565422,20415254195,414659819,Material:tkdapat pun,1,niknurulazeera,Not Available,26/5/2026 0:32,Not Available,1,5,5,negative
87577655184,87577655184,20415254195,414659819,"Material:bambu
Functionality:nipis",1,foyas12,Not Available,5/2/2026 6:38,Not Available,1,1,3,negative
98018979718,98018979718,20415254195,414659819,Never received,1,angelacchau,Not Available,13/5/2026 13:19,Not Available,1,5,5,negative
97807321068,97807321068,20415254195,414659819,Material:poor material,1,imanaries75,https://down-id.img.susercontent.com/file/my-11134103-820l6-mo5fdrnok1dvc9,12/5/2026 12:25,Not Available,1,1,5,negative
47999181612,47999181612,20415254195,414659819,Item xwujud xperlu attach sbg free jika oos,1,d*****o,Not Available,11/6/2025 12:02,Not Available,1,2,5,negative
97117200087,97117200087,20415254195,414659819,Tak dapat pun free gift,1,a*****d,Not Available,26/4/2026 11:42,Not Available,1,5,5,negative
52865337987,52865337987,20415254195,414659819,The table legs are slightly broken and unstable.,1,ridhwannasir92,Not Available,23/6/2025 14:03,Not Available,1,5,5,negative
98710022114,98710022114,20415254195,414659819,"Very small, cannot consider as dining table, at most a study table",1,j*****6,Not Available,19/5/2026 6:34,Not Available,1,1,2,negative
88934209325,88934209325,20415254195,414659819,function letak benda ni for what if i didnt get it ?,1,i*****a,Not Available,16/2/2026 13:38,Not Available,1,5,5,negative
59847056220,59847056220,20415254195,414659819,"What is this? Free item? I did not received pun, don't cheat buyer la....",1,i*****a,Not Available,13/7/2025 10:24,Not Available,1,1,5,negative
33190965614,33190965614,20415254195,414659819,"Delete the free gift, seller is bacially scamming you to pay extra for shipping don’t fall for it",1,ericanderson668,Not Available,18/3/2025 17:43,Not Available,1,1,3,negative
41383297600,41383297600,20415254195,414659819,"Performance:cannot tell

Cannot tell. Item dont get. I have to rewiew so that this noti dont show up anymore",1,ains1008,https://down-id.img.susercontent.com/file/my-11134103-7rasl-m9ivt8v6rk0040,8/5/2025 14:37,Not Available,1,5,5,negative
85772724245,85772724245,20415254195,414659819,"smua pecah, nsib msih boleh pakai, mls mahu refund / return barang pun lma tunggu",1,roslinddinang,https://down-id.img.susercontent.com/file/my-11134103-820lh-mjotlmn2llvnc6 || https://down-id.img.susercontent.com/file/my-11134103-820lb-mjotlme88ydjbd,19/1/2026 23:48,Not Available,1,5,5,negative
95509926473,95509926473,20415254195,414659819,"Material:Wood is too thin and breaks/cracks when you try to screw in
Functionality:Plastic shelf is too flimsy

Some of the parts doesn't even have the holes for the screws. Terrible product. Not even worth RM1.",1,jiwah80,Not Available,12/4/2026 12:07,Not Available,1,1,3,negative
97787006932,97787006932,20415254195,414659819,"You sent a wooden coaster in place of the home computer stand. So it’s a fake free gift promo. 
And you attach it on the outer box. Obviously it cracked",1,haydenc,https://down-id.img.susercontent.com/file/my-11134103-820le-mo3rwcqgrh8g4d || https://down-id.img.susercontent.com/file/my-11134103-820l4-mo3rwcqhjkli15 || https://down-id.img.susercontent.com/file/my-11134103-820le-mo3rwcqgsvswd1,11/5/2026 8:37,Not Available,1,1,1,negative
79214448315,79214448315,20415254195,414659819,"Performance:not stable

Slightly touching on the table leg will also cause table lapse",1,y*****y,Not Available,17/11/2025 15:28,Not Available,1,5,5,negative
76709346715,76709346715,20415254195,414659819,"Performance:PLEASE DO NOT PURCHASE

the item advertise as 32cm in height, which shown in the product photo, bu the actual item only 24cm in height, very disappointed.

PLEASE do not support seller with no integrity.",1,m*****1,Not Available,16/10/2025 10:47,Not Available,1,1,1,negative
93423538587,93423538587,20415254195,414659819,"Material:bad
Functionality:Bad

Cracked when I open the package.",1,xx.hkee,Not Available,26/3/2026 3:41,Not Available,1,5,5,negative
89933371143,89933371143,20415254195,414659819,Free gift tak dapat yg d janji kan . Ingatkan dpat laa free gift nyaa,1,ekinrashid98,Not Available,25/2/2026 4:05,Not Available,1,5,5,negative
81390755796,81390755796,20415254195,414659819,"Material:so bad
Functionality:it doesnt move smoothly

Assembly is so difficult and it’s so dirty , causing my floor so dirty .",1,f*****e,https://down-id.img.susercontent.com/file/my-11134103-820ld-mi4f52kd3pc677,11/12/2025 11:25,Not Available,1,3,4,negative
77157278300,77157278300,20415254195,414659819,"Honest review.
Product paling cikai pernah saya beli.
Meja sgt ringan dan tak berkualiti langsung.
Tersilap guna sikit terus patah mcm dlm gambar. Connection antara kayu hanya guna dawai halus.
Saya rasa brg ni tak layak harga rm36.
Sepatutnya rm15 kebawah shj utk kualiti teruk mcmni.",1,a*****i,https://down-id.img.susercontent.com/file/my-11134103-820l7-mg3myjqmt8um5b,21/10/2025 11:36,0,1,1,1,negative
15274519902,15274519902,20415254195,414659819,"Dont even received this product. They message to buy another shipping cause need to ship separately from another product from the same shop. Tho 15 ringgit shipping has already been made. 

Waited for many weeks. Still nothing.  Message them for updates. Suddenly out of stock. They asked me to do refund. Yet no refund option anymore. Message them for how and everything. They were silent. 
Just dont buy from here.",1,mardhiyatunnisa,Not Available,23/5/2024 0:53,1,1,5,5,negative
74855479375,74855479375,20415254195,414659819,"tak sama dgn apa yg order, size semua x sama color x sama.. nk return mcm x berbaloi..",1,naziem,Not Available,23/9/2025 3:59,Not Available,1,2,5,negative
70229642619,70229642619,20415254195,414659819,Meja goyang. Kemasan atas tak de syelek. Jadi kasar. Tapak macam xde stop point so kalau letak terus atas lantai memang potensi tinggi menggelunsur.,1,drawmyface,Not Available,27/8/2025 15:37,Not Available,1,5,5,negative
72860545570,72860545570,20415254195,414659819,"Performance:Order dalam gambar bucu curved, warna coklat gelap dan nampak tebal. Bila sampai dapat macam dalam gambar! Apa punya seller la! Harga dah la mahal untuk item yang dibeli! Sama je mcm yg murah punya. Beli sbb fikir curved corner tu selamat skit sbb rumah ada anak kecik! Baik beli tempat yang jujur dari sini!!!!",1,s*****8,https://down-id.img.susercontent.com/file/my-11134103-820l5-mejl54wajawy62 || https://down-id.img.susercontent.com/file/my-11134103-820l5-mejl54wn50cl40 || https://down-id.img.susercontent.com/file/my-11134103-820la-mejl54wd40ed10,12/9/2025 5:05,Not Available,1,1,1,negative
91318166582,91318166582,20415254195,414659819,"Material:very light and thin piece of wood
Functionality:not sturdy

break after few days of usage",1,luqmankamsuri,https://down-id.img.susercontent.com/file/my-11134103-820lh-mlkfgpsfbdhgc2,8/3/2026 8:38,0,1,5,5,negative
33287909429,33287909429,20415254195,414659819,"very sturdy. hurmmm. my advice is that dont bother buying furniture through shopee. not worth it all, even for a cheaper priced item like this. might as well spend ur hard earned money on something that is surely work. not like this. lesson learned on my side.",1,nazifhawari,https://down-id.img.susercontent.com/file/my-11134103-7ras8-m7je3bchplc9b5 || https://down-id.img.susercontent.com/file/my-11134103-7rase-m7je4dnhnjnsec || https://down-id.img.susercontent.com/file/my-11134103-7ras9-m7je51cezeqga8 || https://down-id.img.susercontent.com/file/my-11134103-7rasg-m7je5jggh7ig27,19/3/2025 12:24,3,1,5,5,negative
63577668402,63577668402,20415254195,414659819,It has crack in the middle. Please replace. The wrapping should in bubble wrap. Wood also not in good quality.,1,suria.abdulrazak,https://down-id.img.susercontent.com/file/my-11134103-7rasg-mcn8u542wudhf5 || https://down-id.img.susercontent.com/file/my-11134103-7rasf-mcn8u542wu273e,26/7/2025 7:52,1,1,3,5,negative
91082532373,91082532373,20415254195,414659819,"Material:thin leg. not sturdy. need to use with caution as it breaks easily.
Functionality:hari ke3 dah patah sebab takde sokonan besi. not recommended.",1,a*****a,Not Available,6/3/2026 13:14,Not Available,1,5,5,negative
99015294836,99015294836,20415254195,414659819,Functionality:Apa benda ni!! Bagi plastic cover! Memang low quality!!!,1,sclc1234,https://down-id.img.susercontent.com/file/my-11134103-820le-moj6vo1tqjuqc5,22/5/2026 3:51,Not Available,1,5,5,negative
97792256078,97792256078,20415254195,414659819,"Tidak beli pun. Tengok free, apa yang free? Terima item seperti gambar je. Apa fungsinya? Nak nilai apa?",1,h*****a,https://down-id.img.susercontent.com/file/my-11134103-820l9-mo42ucuabmdg23,11/5/2026 13:53,Not Available,1,5,5,negative
10224985798,10224985798,5461025272,140989724,"Quality:ordered waterproof protection and received this

Ordered waterproof protection  received this ,asked seller never reply really disappointed 😅😅",1,t*****1,Not Available,4/12/2022 12:05,1,1,1,4,negative
87055171452,87055171452,5461025272,140989724,Waterproof:The case was not waterproof. Water inside the case and phone got wet.,1,n*****a,Not Available,31/1/2026 11:25,Not Available,1,1,5,negative
71444885364,71444885364,5461025272,140989724,"Quality:Normal
Material:Plastic

Send me the wrong colour and customer service keep ignore the message",1,c*****6,Not Available,3/9/2025 11:08,Not Available,1,5,5,negative
14463175651,14463175651,5461025272,140989724,"Quality:bag dya cepat koyak tk tahan phone mak saya rosak
Material:tk bagus",1,giead9rrcp,Not Available,9/3/2024 15:30,1,1,5,5,negative
9982774851,9982774851,5461025272,140989724,"Quality:very bad

我下水的时候它进水了，然后害我电话进水坏了。。。请不要购买吧，真的很垃圾，希望不要有更多受害者！",1,e*****g,Not Available,5/11/2022 13:55,Not Available,1,5,5,negative
11653698641,11653698641,5461025272,140989724,"Quality:lom test sebab lambat sampai
Material:biasa

Lambat sampai. Kami dah gi Redang baru sampai kat rumah. Servis slow amik masa 6 hari untuk sampai.",1,alhuzaee,Not Available,4/6/2023 3:16,Not Available,1,5,5,negative
38078739280,38078739280,24866829014,25925632,It didn't fit my ipad pro,1,f*****q,Not Available,18/4/2025 17:01,Not Available,1,5,5,negative
43067589874,43067589874,24866829014,25925632,rosak,1,unotallowedhere._,Not Available,18/5/2025 7:00,Not Available,1,5,5,negative
16356045428,16356045428,24866829014,25925632,pecah,1,w*****2,Not Available,30/8/2024 13:22,Not Available,1,5,5,negative
17264731416,17264731416,24866829014,25925632,"Quality:排放会歪掉
Material:皮质感",1,q*****e,Not Available,20/10/2024 3:49,Not Available,1,2,1,negative
48400865383,48400865383,24866829014,25925632,Inaccurate purple color,1,w*****a,Not Available,13/6/2025 13:51,Not Available,1,5,5,negative
91550640123,91550640123,24866829014,25925632,The sticker is not removable,1,reenie.7,https://down-id.img.susercontent.com/file/my-11134103-820l7-mlmvvths5j4fdd,10/3/2026 1:55,Not Available,1,5,5,negative
22235946390,22235946390,24866829014,25925632,透明那一面都是花的 什么问题?,1,tym28,Not Available,12/12/2024 11:41,Not Available,1,1,1,negative
77756700534,77756700534,24866829014,25925632,kecewa dapat macam ni🥲 harap dapat yg baru la😌excited beli tengok ii rosak macam kesan kena gigit tikus 😭,1,athilahdzulcafli,https://down-id.img.susercontent.com/file/my-11134103-820lf-mgdkmjwirdoq7c || https://down-id.img.susercontent.com/file/my-11134103-820lb-mgdkmk18oow919,28/10/2025 10:37,Not Available,1,5,5,negative
74899777530,74899777530,24866829014,25925632,"Material:ko
Quality:tak sama

Alaa knpe mcm ni? iPad ni memang x sama dgn camera pun x boleh nk masuk..sedihnya",1,s*****a,https://down-id.img.susercontent.com/file/my-11134103-820lh-meze3ja8rkei5a || https://down-id.img.susercontent.com/file/my-11134103-820l4-meze3ja7zh1p1c,23/9/2025 6:49,Not Available,1,1,3,negative
30856483782,30856483782,24866829014,25925632,the casing didn’t fit my ipad 💔,1,a*****n,https://down-id.img.susercontent.com/file/my-11134103-7rase-m66ta7chm1d59b,13/2/2025 11:30,Not Available,1,1,1,negative
59414694377,59414694377,24866829014,25925632,Unfit with ipad 10.9 😥,1,helmizaadon,Not Available,12/7/2025 13:59,Not Available,1,5,5,negative
17283797152,17283797152,24866829014,25925632,doesnr even fit the ipad,1,adreenawad,Not Available,21/10/2024 22:51,Not Available,1,5,5,negative
22236645640,22236645640,24866829014,25925632,Crack,1,shermin1314,Not Available,12/12/2024 12:24,Not Available,1,5,5,negative
40712428063,40712428063,24866829014,25925632,Can’t fit iPad and pencil 😡,1,y*****n,Not Available,5/5/2025 14:18,Not Available,1,5,5,negative
94989315812,94989315812,24866829014,25925632,"Quality:Ok
Material:Plastic

Seller put a low quality sticker on the cover. Difficult to peel off. Cause the cover to look bad.",1,mayloongtan,https://down-id.img.susercontent.com/file/my-11134103-820lg-mmrfbwqgomiw44,7/4/2026 11:37,Not Available,1,5,5,negative
16587775747,16587775747,24866829014,25925632,"Quality:poor

The magnet has a very weak suction force and feels dangerous. The outer shell blocks the fingerprint unlocking and the fingerprint cannot be scanned at all.",1,58a8qii8x8,Not Available,15/9/2024 5:09,Not Available,1,3,3,negative
40136343298,40136343298,24866829014,25925632,Poor quality. There are scratch marks on the back of the case. not recommended,1,effazul,Not Available,30/4/2025 22:54,Not Available,1,5,5,negative
94967006270,94967006270,24866829014,25925632,"I ordered purple. Arrived in black color. Spoilt the mood to make my wife happy, since her favorite color is purple. Very disappointing.",1,snsm76,Not Available,7/4/2026 5:35,Not Available,1,5,5,negative
80611854895,80611854895,24866829014,25925632,"If your iPad 11 inch and u have a Apple Pencil, better don’t buy cuz the case no enough space to hold ur pen and it will drop",1,leonardchakjiinyu,https://down-id.img.susercontent.com/file/my-11134103-820le-mhu5coatyww6c1,4/12/2025 6:39,Not Available,1,5,5,negative
89565711093,89565711093,24866829014,25925632,"Quality:low quality
Material:oklah

Senget senget la tak elok",1,rabiatulyusof,Not Available,22/2/2026 9:58,Not Available,1,5,5,negative
45993186181,45993186181,24866829014,25925632,Very bad quality product. Waste of money. Definitely dont buy it,1,kamalhariz1311,Not Available,2/6/2025 9:13,Not Available,1,5,5,negative
79033169348,79033169348,24866829014,25925632,"Quality:low

magnet terkeluar baru 3 hari pakai hm",1,k*****d,https://down-id.img.susercontent.com/file/my-11134103-820lh-mh2ux2pzdix9e1 || https://down-id.img.susercontent.com/file/my-11134103-820lc-mh2ux2pqfuvi02,15/11/2025 3:48,1,1,5,5,negative
17350301937,17350301937,17490787483,64923440,"Performance:not so great

When i write using this pencil, sometimes what I write doesn’t come out. So annoying. I would not recommend",1,zaranaturlich,https://down-id.img.susercontent.com/file/my-11134103-7rasb-m1rvpooqj0ga46,25/10/2024 3:02,1,1,5,5,negative
16751559777,16751559777,17490787483,64923440,"I regret buying this.

First feeling sad after purchased ugreen products",1,n*****s,Not Available,26/9/2024 21:09,1,1,5,5,negative
29319512371,29319512371,17490787483,64923440,"Performance:The worst.

Magnetic isn't strong and falls off easily. Magnetic charging doesn't work at all. Customer service told me to just use type-c charging and offered me a rm3 discount when I literally paid extra to get Magnetic charging. Missing on the whole selling point of Magnetic charging which is the reason I bought this. Tried out the tilt sensitivity in 4 note taking apps and doesn't seem to be working as well. The apps I used to test it was notes, goodnotes, freeform and notability.",1,qgy_5g8teg,Not Available,6/2/2025 14:17,Not Available,1,5,5,negative
15139551946,15139551946,17490787483,64923440,I bought less than 1 month and it already faulty,1,joshua03221,Not Available,9/5/2024 14:45,2,1,5,5,negative
29534905961,29534905961,17490787483,64923440,"Performance:kejap detect, kejap tak detect. Dalam sebulan 2 nibs dah tukar. Rupanya kejap ok, kejap tak ok. Harga boleh tahan",1,s*****i,https://down-id.img.susercontent.com/file/my-11134103-7rasl-m5k3izhg0jtf5d,28/1/2025 13:33,3,1,4,5,negative
65486521834,65486521834,17490787483,64923440,服務差，客服根本是來趕客的，問問題不回覆，不然就說不清楚答不到你不知道，爛客服！！！用沒幾天這樣了，問客服完全沒有解決 ，太噁心了這個客服！！！,1,e*****2,https://down-id.img.susercontent.com/file/my-11134103-7rasd-md31dgyclpmr3f,6/8/2025 9:27,1,1,1,1,negative
12343925972,12343925972,17490787483,64923440,"1. Customer service is too bad!
2. Product can’t be used for ipad.
3. Tried on three devices and sent video to seller, still they requested for more videos to proof.
4. If you are deciding to purchase from this seller, kindly reconsider or you will be regretting!",1,t*****d,Not Available,29/8/2023 8:51,6,1,1,1,negative
15793443309,15793443309,17490787483,64923440,"Performance:magnetic charge can’t work

Worst customer service ever! No one reply to my problem. Not recommended to buy other than original Apple Pencil",1,syazwanyunus94,Not Available,10/7/2024 13:49,3,1,1,1,negative
11379926873,11379926873,17490787483,64923440,"Performance:worst product ever bought

Faulty product, cant function at all",1,mplusinteriors,Not Available,29/4/2023 23:23,1,1,1,3,negative
31170110687,31170110687,17490787483,64923440,Service extremely bad. Already many days no response from seller,1,yourhypestore,Not Available,17/2/2025 11:23,Not Available,1,1,5,negative
24072696795,24072696795,17490787483,64923440,"Performance:bad

crazy delay when writing on ipad air 6(2024) in all icloud！",1,c*****g,Not Available,20/12/2024 6:46,5,1,1,5,negative
85752026179,85752026179,17490787483,64923440,Charged more than 4 hours and it didn’t work or charged!,1,weewen82,Not Available,18/1/2026 13:02,Not Available,1,5,5,negative
17584890142,17584890142,17490787483,64923440,"Tertipu. Tak ada bluetooth. Dekat description
 ada tulis 👎🏼",1,z*****y,Not Available,29/10/2024 3:29,Not Available,1,1,1,negative
10070877832,10070877832,19628551285,764456949,"Performance:bad.

Cannot charge. Seller does not response",1,s*****h,Not Available,16/11/2022 6:25,1,1,5,5,negative
97182970265,97182970265,19628551285,764456949,Wireless Charging:it can't be charged wireless. only dummy magnetic function. not compatible for wireless charging with ipad air m4.,1,loganathengunabalan,https://down-id.img.susercontent.com/file/my-11134103-820la-mnjnehqm5l372c,27/4/2026 6:13,Not Available,1,5,5,negative
48724638283,48724638283,19628551285,764456949,Not as good as the reviews. Not a really “palm rejection” device. I’m not satisfied.,1,nananasir___,Not Available,14/6/2025 10:52,Not Available,1,5,5,negative
15601473630,15601473630,19628551285,764456949,"Performance:not helpful customer service

The seller does not give me a proper solution for my gd 13pro pencil that cannot wireless charge as advertised. It just said that my pencil is not updated .. my ipad 6 air is updated to the latest version and the seller also doesn't proceed to help me further. Now I have to buy an additional charging dock just to make my pencil turn on again. My recommendation is to just buy that pencil that already has a usb c port . Not helpful at all.",1,m*****_,https://down-id.img.susercontent.com/file/my-11134103-7r98w-lwv29va8wu4071,23/6/2024 5:56,1,1,1,5,negative
12965475491,12965475491,19628551285,764456949,Cannot use at all.,1,atiqahradzuan,Not Available,23/10/2023 1:53,Not Available,1,5,5,negative
12999223760,12999223760,19628551285,764456949,cannot charge,1,d*****4,Not Available,26/10/2023 13:37,Not Available,1,5,5,negative
12796786031,12796786031,19628551285,764456949,Performance:not working,1,eirfanshamsul,Not Available,7/10/2023 16:35,Not Available,1,5,5,negative
12890519488,12890519488,19628551285,764456949,The pen not working . Ridiculous,1,uzair.ali,Not Available,16/10/2023 3:15,Not Available,1,5,5,negative
79210733353,79210733353,19628551285,764456949,can’t work. can’t wireless charging on my ipad air m3. 💁🏿👎🏽,1,isamahdi014,https://down-id.img.susercontent.com/file/my-11134103-820lc-mh65wi3lf3f007,17/11/2025 11:23,Not Available,1,5,5,negative
11388066303,11388066303,19628551285,764456949,"Performance:very bad first experience

the pencil cant turn on so cant bluetooth. seller not responsive when i reported about it. box looks like it has been opened. very bad. even bought the charger and still cannot be switch on i need a full refund on this it cost me a lot of money.",1,d*****h,https://down-id.img.susercontent.com/file/my-11134103-7qul9-lg90ib38duuh1b,1/5/2023 5:35,6,1,1,2,negative
10605094289,10605094289,19628551285,764456949,"I received defective product. Seller slow respond. Then refuse to replace, simple ask me to file complaint to shopee for return. Terrible seller. Will never buy from this seller again. Beware when buying here, you might just waste your money",1,hallucinogen,Not Available,20/1/2023 20:44,2,1,1,1,negative
13127044363,13127044363,19628551285,764456949,"Performance:bad

the pencil cannot switch on, been charging it on my ipad for 5 hours, still didnot functioning. late reply from seller. and ipad cant detect the pencil",1,n*****i,https://down-id.img.susercontent.com/file/my-11134103-7r98p-lnsq5g86kv3x13,7/11/2023 14:25,0,1,1,5,negative
44702946939,44702946939,19628551285,764456949,"Issue with the pen, cannot use the tips given, they sent new tips, still can’t use.  Msg with seller, no respond.",1,unasville,Not Available,27/5/2025 10:45,Not Available,1,1,5,negative
9926859073,9926859073,19628551285,764456949,"Performance:weak

Seller forgot to give the charger",1,b*****6,Not Available,29/10/2022 0:40,Not Available,1,1,1,negative
10183205950,10183205950,19628551285,764456949,"Seller didn’t reply msg when I find the seller ,seller ignore my msg when the seller is online.
The product cannot use also
I hope the seller can exchange the product for me",1,y*****g,https://down-id.img.susercontent.com/file/my-11134103-22110-tecfuzz82gkvda,29/11/2022 7:52,7,1,1,4,negative
78403357631,78403357631,19628551285,764456949,Smoothness:ithink its broken the instruction said when red blinking light its low battery i cant charge or either bluetooth my gd13pro pencil,1,delusionalrights,https://down-id.img.susercontent.com/file/my-11134103-820l9-mgqjej2wfd3i10,6/11/2025 12:39,Not Available,1,5,5,negative
39831940364,39831940364,19628551285,764456949,"Performance:cannot charge wirelessly

Cannot charge wirelessly. Ask seller, he ask me to buy charger for this. So it is product defect.",1,s*****8,Not Available,29/4/2025 1:37,1,1,1,1,negative
13288810048,13288810048,19628551285,764456949,"Performance:bad

Tak grip langsung and magnet hauk 🤦🏻‍♀️🤦🏻‍♀️ senget benget pen i bila lekat!! Bad quality",1,zulsuhailah,https://down-id.img.susercontent.com/file/my-11134103-7r98v-lochf727xwly05,21/11/2023 10:45,5,1,5,5,negative
15602990151,15602990151,19628551285,764456949,"teruk sgt, dpt yg tumpul pastu lepas chat saller dia salah kan kita pulak ?! bende ?",1,n*****y,https://down-id.img.susercontent.com/file/my-11134103-7r98p-lwv8eti6vfxs80,23/6/2024 8:41,1,1,5,5,negative
1.00E+11,1.00E+11,47907181122,1602776229,"Effectiveness:I've not installed yet so unable to comment on effectiveness
Material:plastic parts looks fragile. The hose is not braided as advertised & the hose connectors are plastic not metal as advertised",3,rosland8811,https://down-id.img.susercontent.com/file/my-11134103-820li-mp8nbol2jria42,8/6/2026 23:58,Not Available,3,5,5,negative
12791590405,12791590405,18876819714,864833474,"Performance:bateri cepat habis
Portability:ok",3,zara6126,Not Available,7/10/2023 7:02,Not Available,3,5,5,negative
89560387994,89560387994,18876819714,864833474,Terlalu ringan..bunyi plastik kuat..,3,nazrizal20,Not Available,22/2/2026 4:01,Not Available,3,5,5,negative
12261118407,12261118407,18876819714,864833474,barang dh sampai ..x berapa kuat sedut habuk..,3,arbaiyah1978,Not Available,12/8/2023 15:49,Not Available,3,5,5,negative
12661413270,12661413270,18876819714,864833474,"Portability:very mini
Performance:ok

a bit disappointed",3,lizzyloo84,Not Available,23/9/2023 7:42,Not Available,3,5,5,negative
12361925567,12361925567,18876819714,864833474,Performance:x kuat. agak lemah untuk kerja2 bersihkan rmh. kalau vaccum kereta boleh la.,3,roberthansolo,Not Available,23/8/2023 4:53,Not Available,3,5,5,negative
11787716072,11787716072,18876819714,864833474,battery penuh hanya pakai 2-3 minit dah battery habis.,3,winnieng3308,Not Available,20/6/2023 2:23,Not Available,3,5,5,negative
12551445218,12551445218,18876819714,864833474,Ok stelah smpai aku baru guna 2kali dah rosak  .bidas apa x tau ..kalau cas kuar asap. .hmm macam na nak refund..dah submit dah Pon hmm,3,n*****a,https://down-id.img.susercontent.com/file/my-11134103-7r991-lljdzj3kub1p5a,28/9/2023 16:08,Not Available,3,5,5,negative
78036122405,78036122405,18876819714,864833474,"Portability:Light
Performance:Ok

Poor manual. No manual how the 2 long pipes are connected and how to connect the black extension hose. I tried all the ways and they are loose and not fitting.",3,street21,Not Available,1/11/2025 5:16,Not Available,3,5,5,negative
35674788799,35674788799,18876819714,864833474,"Performance:50/50

After a while using it, i do not recommend it to anyone that hates frequently charging. Because it only works about 15 minutes and taking a long time to charge. The suction is not to strong too. You might can save more money and buy the worth and pricey one if you need something that worth buying.",3,n*****n,Not Available,3/4/2025 23:15,Not Available,3,5,5,negative
81192518693,81192518693,18876819714,864833474,"After just one week of use, the red coating started peeling off and it became very hard to roll.",3,prettyxr,https://down-id.img.susercontent.com/file/my-11134103-820l7-mi1veazwtyiua0,9/12/2025 16:32,Not Available,3,5,5,negative
12251460647,12251460647,18876819714,864833474,"Performance:suction power quite strong
Portability:light

Hope it can last a bit longer. The tube was loose and get disconnected when using.",3,c*****y,https://down-id.img.susercontent.com/file/my-11134103-7qul1-lkbpoco3l2ph39 || https://down-id.img.susercontent.com/file/my-11134103-7qul2-lkbpoco35mgl4d,12/8/2023 0:18,Not Available,3,5,5,negative
79459917956,79459917956,25495599880,62102100,"Not giving chat response, about 2 hours to receive the turnitin report.",3,lingfinity_resources,Not Available,21/11/2025 17:24,Not Available,3,2,2,negative
1.01E+11,1.01E+11,57461974565,1704201057,Tolonfgggggg gaisss dia ni scamerrrrr! Hahahaahah pestime yer aku terkena dngn acc dia ni. Takpelah aku tk halal pun apa yg hg ambik huhu. Gaiss jngn beli dngn acc dia ni yerr. Ramai dh terkenaa,1,kuazlinakuadnan,Not Available,13/6/2026 7:38,4,1,1,1,negative
78918449855,78918449855,42510074784,1543448101,The box is bad unable to hold all parts in it's compartment and all fall apart...,3,chengts,Not Available,14/11/2025 3:22,Not Available,3,5,5,negative
80827105324,80827105324,42510074784,1543448101,"Functionality:good
Quality:fair

bukak box smua berterabur. carpartmen tak fit dengan parts kena susun balik dan mampatkan dengan kain",3,zackashari,https://down-id.img.susercontent.com/file/my-11134103-820li-mhxef20sj11kd3,6/12/2025 13:21,Not Available,3,5,5,negative
85971921526,85971921526,42510074784,1543448101,"When received,Product cracked, delivered on time .",3,ansontan0301,https://down-id.img.susercontent.com/file/my-11134103-820lc-mjqqt81dpxqda0,21/1/2026 8:07,Not Available,3,5,5,negative
75437190863,75437190863,42510074784,1543448101,Tak sesuai dgn harapan,3,t6gn6cf0ic,https://down-id.img.susercontent.com/file/my-11134103-820la-mff7yzdrcnbf75,4/10/2025 8:58,Not Available,3,5,5,negative
88874024562,88874024562,42510074784,1543448101,Quality:barang kemek packing x guna raping,3,e*****3,https://down-id.img.susercontent.com/file/my-11134103-820la-mkqlcufhp1c103,15/2/2026 10:55,Not Available,3,5,5,negative
75448065066,75448065066,42510074784,1543448101,Ade yang 3biji hilang,3,ruslanhiho,Not Available,5/10/2025 6:16,Not Available,3,5,5,negative
10511237264,10511237264,11092094545,515616537,"Ordered on 1/1
Seller posted on 4/1 lambat
Received 6/1
Buruk, calar macam barang second. Pipe plastik. Tak boleh pakai lupa nak ukur floor trap rumah sis size besar 🥲",3,a*****n,https://down-id.img.susercontent.com/file/my-11134103-23010-sfohlvoca4lv81 || https://down-id.img.susercontent.com/file/my-11134103-23010-su0flvoca4lv89,9/1/2023 2:56,Not Available,3,4,5,negative
78356413194,78356413194,11092094545,515616537,Paip is plastic and type of easily broken.   Hope it is long lasting,3,e*****3,https://down-id.img.susercontent.com/file/my-11134103-820lh-mgoy3dzaqcjy53,5/11/2025 9:52,Not Available,3,5,5,negative
78398939479,78398939479,11092094545,515616537,"Performance:not good
Portability:normal

ingatkan penutup besi rupanya plastik je. bila dah letak paip mesin basuh tu dah tentu la ianya akan terangkat sebab ringan. nak kena letak salotape plak penutup tu kat lantai. hamprak punya pentipu",3,s*****i,https://down-id.img.susercontent.com/file/my-11134103-820l4-mgqal8qc8jd5e8,6/11/2025 8:38,Not Available,3,3,5,negative
28928965170,28928965170,11092094545,515616537,"Portability:xok
Performance:ringan

Barang dah sampai lama baru nak share kualiti.kurang bagus sbb terlalu ringan.xboleh guna pun dia terangkat.air xmasuk lubang.bg saya 3 bintang jela sbb boleh bt tutup lubang air",3,nikhasmun,https://down-id.img.susercontent.com/file/my-11134103-7rasf-m56fo93bq4q1c2,19/1/2025 3:59,Not Available,3,5,5,negative
13064089438,13064089438,3249801212,300594525,Durability:bole la sesuai dengan harga tali tipis,1,nurinaahjmalik,https://down-id.img.susercontent.com/file/my-11134103-7r98x-lnk4k47929a55c,1/11/2023 13:48,Not Available,1,5,5,neutral
98396421983,98396421983,47907181122,1602776229,"Not stainless steel, just plastic.
At least functional",3,s*****g,https://down-id.img.susercontent.com/file/my-11134103-820ld-moav301fh5am24 || https://down-id.img.susercontent.com/file/my-11134103-820lc-moav301fijv232 || https://down-id.img.susercontent.com/file/my-11134103-820l5-moav301ffqq635,16/5/2026 7:49,Not Available,3,5,5,neutral
14161863069,14161863069,18876819714,864833474,"Portability:good
Performance:fair for its price",3,kirin2425,Not Available,10/2/2024 3:15,Not Available,3,5,5,neutral
11425332738,11425332738,18876819714,864833474,Oklah ..sesuai dgn harga,3,nooriptar,Not Available,6/5/2023 2:21,Not Available,3,5,5,neutral
16709886531,16709886531,18876819714,864833474,Kena lah dengan harga. Sedutan so so je . Bunyi agak kuat lah. Packaging centu je. Takpakai bubble wrap tebal. Nasib baik tak pecah. Tq,3,f*****h,https://down-id.img.susercontent.com/file/my-11134103-7rase-m0l69sfmhn44cb,25/9/2024 4:55,Not Available,3,4,4,neutral
11331530543,11331530543,18876819714,864833474,Not bad. It only can use up to 15 minutes only after fully charged. The cable for charging too short.,3,r*****i,Not Available,21/4/2023 19:37,2,3,5,5,neutral
13011854525,13011854525,18876819714,864833474,"Performance:good
Portability:nice

Kena lah dengan harga, sedutannya tak berapa kuat. Untuk sedut habuk2 kecil boleh la,",3,b*****3,Not Available,27/10/2023 10:51,Not Available,3,5,5,neutral
11741204441,11741204441,18876819714,864833474,"Performance:good
Portability:good

Boleh la.dan boleh bawa kemana saja...",3,gieyazie9293,Not Available,14/6/2023 5:54,Not Available,3,5,5,neutral
86823032536,86823032536,42510074784,1543448101,"Quality:7/10
Functionality:8/10

Barang boleh la kena dgn harga...not really suitable for heavy duty...setakat repair² paip rumah, sinki, pintu, boleh la...biasa² je....overall ok, recommended juga kpd sesiapa yg perlu guna untuk kerja² basic...Tqvm to all.",3,c*****9,https://down-id.img.susercontent.com/file/my-11134103-820l7-mk27ukpp24g873,29/1/2026 9:07,Not Available,3,5,5,neutral
13488732085,13488732085,11092094545,515616537,"Portability:ok
Performance:ok

Kualiti Okla kena dengan Harga nya.",3,zakizainun,https://down-id.img.susercontent.com/file/my-11134103-7r991-lp31vakakeyg87 || https://down-id.img.susercontent.com/file/my-11134103-7r98v-lp31vakaltiwc7,10/12/2023 1:46,Not Available,3,5,5,neutral
16246364808,16246364808,11092094545,515616537,"Performance:Ok
Portability:So so

Ok la. Plastik.. Kena pandai pasang supaya hose tak melawan. Ok la boleh la harga pun mampu miliki.. Bukan stainless steel.. Just plastic abs",3,safemohdnorhalim,https://down-id.img.susercontent.com/file/my-11134103-7r98q-lz5vgkabhgf4cb || https://down-id.img.susercontent.com/file/my-11134103-7r98r-lz5vgkabiuzk85 || https://down-id.img.susercontent.com/file/my-11134103-7r98u-lz5vgkabk9k0b6 || https://down-id.img.susercontent.com/file/my-11134103-7r992-lz5vgkablo4g46,20/8/2024 13:56,11,3,5,5,neutral
12195560678,12195560678,11092094545,515616537,"Portability:neutral
Performance:neutral

Ingatkan dia bersambung , kena gam sendiri la",3,soonmeeh,https://down-id.img.susercontent.com/file/my-11134103-7qukw-lk41glztqql6e5 || https://down-id.img.susercontent.com/file/my-11134103-7qul3-lk41glzts55mcb,6/8/2023 15:19,7,3,3,5,neutral
2407566748,2407566748,238746602,7791469,Okkkkkkkkkkkkkkkkkkkkkkkkkkkkkkkkkkkkkkkkkkkkkkkkkkkkk,3,kekcoklatboy,Not Available,17/5/2020 13:05,Not Available,3,Not Available,Not Available,neutral
84538285808,84538285808,5565383183,7727453,Durability:ok Performance:ok Boleh la guna. Plastik ringan. Kalau angkat tinggi mudah terbalik.tq sellerm,3,cheemir,https://down-id.img.susercontent.com/file/my-11134103-820ld-mj8cqii27uh0fa,2026-01-08T11:01:36.000Z,Not Available,3,5,5,neutral
4614276361,4614276361,5565383183,7727453,Okay2 je .. nak bukak tu ketat sikit .. risau jgk kot terpatah ... cermin yg color pink calar2 n kelam .. penah beli kat kedai lain lebih solid drpd yg kedai ni .. tapi overall ok2 je dgn harga mcm tu .,3,h*****7,https://down-id.img.susercontent.com/file/923f0684cc0aa4a74cf546efc32eeb2d || https://down-id.img.susercontent.com/file/925fcfcec0564fc6ad211c2992d7efd6 || https://down-id.img.susercontent.com/file/43c2eb5a7f0671d3ff9dba4637d60831,2021-04-23T13:34:54.000Z,Not Available,3,Not Available,Not Available,neutral
79196994658,79196994658,10113971275,7727453,Ok la harga murah. Kain nipis je x mcm iklan. Tp ok berbaloi dgn harga.,3,m*****7,https://down-id.img.susercontent.com/file/my-11134103-820lh-mh5vff0c2ivfb3 || https://down-id.img.susercontent.com/file/my-11134103-820l5-mh5vff0m3itn08,2025-11-17T06:29:30.000Z,Not Available,3,5,5,neutral
99179313168,99179313168,10113971275,7727453,Water absorption:biasa je Softness:biasa je Durability:biasa je,3,f*****n,https://down-id.img.susercontent.com/file/my-11134103-820l8-motex5pzr9j4ef,2026-05-29T07:44:26.000Z,Not Available,3,5,5,neutral
84879446451,84879446451,10113971275,7727453,"Safety:oo Longevity:ok Effectiveness:ok It's an okay product; it does the job but didn't blow me away.The item is as expected, but nothing exceptional",3,k*****g,https://down-id.img.susercontent.com/file/my-11134103-820l5-mjbhmppc4qo62b,2026-01-10T15:49:07.000Z,Not Available,3,3,3,neutral
16290025512,16290025512,10113971275,7727453,"Quality produk yang ok saja , Layanan penjual yang ok saja dan Harga yang ok saja tapi Penghantaran yang tidak baik kerana lambat sampai. 👌😤",3,chinkamfai,https://down-id.img.susercontent.com/file/my-11134103-7r98w-lzc49qoletexe7,2024-08-24T15:27:57.000Z,Not Available,3,3,2,neutral
87041655385,87041655385,10113971275,7727453,"Water absorption:not as good, normal absorbtion Softness:ok ok Durability:wiped but surface still wet",3,jondhan3030,Not Available,2026-01-31T04:33:46.000Z,Not Available,3,5,5,neutral
10615054110,10615054110,10113971275,7727453,Product is OK. Not the best. I bought 30 pcs and asked for 10 of each color. Seller sent all 30 in Yellow.,3,vcxl4sqomk,Not Available,2023-01-22T13:57:52.000Z,Not Available,3,5,5,neutral
13069536400,13069536400,22831521404,361638777,"Quality:glass cup plastic cover ok only cup cover got scratch, think can use few time only",3,janet.c_92,https://down-id.img.susercontent.com/file/my-11134103-7r98s-lnl2z4t9m5do75 || https://down-id.img.susercontent.com/file/my-11134103-7r990-lnl2z4ta1lmk30,2023-11-02T05:54:42.000Z,Not Available,3,5,5,neutral
11911382952,11911382952,23836937991,227844780,Quality:good Functionality:good Bungkusan elok ade bubble utk vacuum flask set ni... Penutupnye pun blh jadikan cawan juga. Warna pun cntik mcm di gmbr.Tq seller brg semua ok dan murah next time blh repeat bli lagi kt sini.,4,h*****1,https://down-id.img.susercontent.com/file/my-11134103-7quky-liuz419sn9lvf2 || https://down-id.img.susercontent.com/file/my-11134103-7qul2-liuz419soo6b60 || https://down-id.img.susercontent.com/file/my-11134103-7qul4-liuz419sq2qr8c || https://down-id.img.susercontent.com/file/my-11134103-7qul3-liuz419srhb75f || https://down-id.img.susercontent.com/file/my-11134103-7qukw-liuz419ssvvn58,2023-07-06T01:35:29.000Z,5,4,4,4,neutral
28921492049,28921492049,23836937991,227844780,"Functionality:average 6/10  keeps hot for less than 6-7 hrs. 
Quality:overall okay 6/10

Product was received undamaged and packing was okay. Delivery time was reasonable. 

The flask is SUS304 but the cup look more like aluminium than stainless steel. Overall quality = price. ",3,k2e1v6i7n,Not Available,2025-01-18T09:07:49.000Z,Not Available,3,4,4,neutral
15209236795,15209236795,23836937991,227844780,quality ok kena dengan harga. shipping ambil masa. thank you seller,3,n*****n,https://down-id.img.susercontent.com/file/my-11134103-7r991-lvcyarihvqzl2a,2024-05-16T07:57:18.000Z,Not Available,3,5,5,neutral
30569069208,30569069208,7053410631,227844780,"Durability:6/10
Material:Good

Kualiti not so bad la, sesuai dengan harga. Size agak kecil drpd expected. Laptop muat cun2 sebab laptop besar. Banyak bebenang dan ada 1 tali panjang halus dijahit hujung ke hujung di bahagian depan beg. Mungkin niat dia nak jadikan sling bag dengan tali halus tu",4,j*****n,https://down-id.img.susercontent.com/file/my-11134103-7rasb-m61at4awmh5ff9,2025-02-09T16:13:58.000Z,1,4,5,5,neutral
14483570637,14483570637,7053410631,227844780,"Kualiti ok la setanding harga
Harga pon murah2 je
Warna cantik,ketebalan ok la 
Saiz ngam2 utk laptop sy",4,j*****6,https://down-id.img.susercontent.com/file/my-11134103-7r98u-lsr05ox05sf867,2024-03-11T12:11:06.000Z,Not Available,4,4,4,neutral
11179237084,11179237084,7053410631,227844780,"Durability:moderate
Material:look nice

A bit small",3,nikmansahar,Not Available,2023-04-05T12:05:13.000Z,Not Available,3,5,5,neutral
75564186557,75564186557,11005249408,56450643,"Durability:so so
Functionality:so so

Fast delivery in good condition.
But very small. It’s very different with the photos.",3,p*****e,Not Available,2025-10-08T03:45:49.000Z,Not Available,3,3,5,neutral
81248675499,81248675499,11005249408,56450643,"Function:just okay
Durability:not really durable as material is very thin
Waterproof:not waterproof

But okay for price given very cheap for very cheap product",3,a*****h,https://down-id.img.susercontent.com/file/my-11134103-820la-mi353dlaq9du00,2025-12-10T13:53:56.000Z,Not Available,3,5,5,neutral
12753811286,12753811286,11005249408,56450643,"Durability:average
Functionality:not so good

The bag is small. Only good for ladies shoes. Any shoes bigger than size EU37 will not be able to fit in.",3,lilteoh72,https://down-id.img.susercontent.com/file/my-11134103-7r990-lmembwr0tfwz71,2023-10-03T12:08:45.000Z,Not Available,3,5,5,neutral
1.00E+11,1.00E+11,11005249408,56450643,"Weight:biasa
Storage:kecil
Waterproof:ok

boleh lah",3,jaiqueya,Not Available,2026-06-09T14:07:50.000Z,Not Available,3,5,5,neutral
98494767650,98494767650,11005249408,56450643,"Weight:The product quality looks so so as material looks thin and small in size.
Storage:The storage space quite small for my size 45.

Fast delivery.",2,b*****5,https://down-id.img.susercontent.com/file/my-11134103-820lg-moclmrg0c0zz03,2026-05-17T13:12:28.000Z,Not Available,2,2,2,neutral
64471571272,64471571272,28506753775,1242421617,"Quality:okay la Saiz dia Tu yg sadis, tp kena la dgn HARGA dia.. apa pon penghantaran okay.. brg pon okay la",3,farhanfahiman92,Not Available,2025-07-29T18:49:43.000Z,Not Available,3,4,5,neutral
64471571272,64471571272,28506753775,1242421617,"Quality:okay la

Saiz dia Tu yg sadis, tp kena la dgn HARGA dia.. apa pon penghantaran okay.. brg pon okay la",3,farhanfahiman92,Not Available,2025-07-29T18:49:43.000Z,Not Available,3,4,5,neutral
25498037745,25498037745,28506753775,1242421617,"The massage gun does not have a lot of power to it. Need to set to level 4 setting, and only then you would feel the effect. But for the price it is understandable, and does a decent job",3,a*****n,Not Available,2024-12-31T10:03:45.000Z,Not Available,3,5,5,neutral
16313950967,16313950967,21196505008,1242421617,"Quality:ok
Performance:ok

suara boleh la bass x kuat,mic comel kecik je",3,s*****l,https://down-id.img.susercontent.com/file/my-11134103-7r991-lzfqb3zj802x4d || https://down-id.img.susercontent.com/file/my-11134103-7r990-lzfqb3zjngbt41 || https://down-id.img.susercontent.com/file/my-11134103-7r98w-lzfqb3zt7l9cfe || https://down-id.img.susercontent.com/file/my-11134103-7r98z-lzfqb3zt7lgpb0 || https://down-id.img.susercontent.com/file/my-11134103-7r98o-lzfqb3ztn1i8cb,2024-08-27T04:02:17.000Z,1,3,5,5,neutral
23325691461,23325691461,21196505008,1242421617,"Quality:Sederhana
Performance:sesuai harga

Boleh la bagi anak² main. Batery tahan sejam lebih. Banyak pilihan suara tu best.",3,m*****1,https://down-id.img.susercontent.com/file/my-11134103-7rasa-m3wrbaq2dp4ud2,2024-12-17T23:46:02.000Z,Not Available,3,5,5,neutral
52862569618,52862569618,21196505008,1242421617,"Performance:okeeeylah
Quality:okeeylah

Sesuai la untuk budak2 healing bernyanyi hehehe. Harga mampu milik",3,j*****6,Not Available,2025-06-23T10:27:20.000Z,Not Available,3,5,5,neutral
89316753587,89316753587,21196505008,1242421617,"Quality:not good but not bad
Performance:so far okay la

speaker ni okay ja, yg tak okeynya suara saya😔💔.. mana ii yg insekioo dgn suara sendiri, don't worry!!! sebabnya mic dia ad voice changer, jadi bole la cover kesumbangan tu lebih sumbang. penghantaran dia jujurlyy sangat lajuu yee kak/bang/cik🙏🏻ikhlas dari hati",3,f*****9,Not Available,2026-02-19T08:45:56.000Z,Not Available,3,5,5,neutral
16395291298,16395291298,21196505008,1242421617,第一次光顾，买来试试看，效果还不错，普通用没问题😄Transport 很快，今天中午付款，明天下午到了👍,3,m*****u,https://down-id.img.susercontent.com/file/my-11134103-7r98v-lzpiazu5l00wc2,2024-09-03T00:32:37.000Z,Not Available,3,3,5,neutral
94423059076,94423059076,21196505008,1242421617,"Sound quality:biasa saja. tdk kuat
Performance:biasa saja

Biasa ja. X kuat pun. Nsb lg murah",3,nellnell066,https://down-id.img.susercontent.com/file/my-11134103-820lf-mml6ebjyftaef0,2026-04-03T02:39:23.000Z,Not Available,3,5,5,neutral
1931379204,1931379204,2108583825,13348373,The quality are just so so consider the price tag buuuuuut no just no this is unsafe. The bulb get super hot immediately and within a week of using it the shade almost got burn. Y'all should be careful if you have one. Also the delivery are so damn slow,2,thelilies_,https://down-id.img.susercontent.com/file/69e2d3c687fe755002de552820fb068a,2020-01-05T16:31:25.000Z,Not Available,2,Not Available,Not Available,neutral
61218970872,61218970872,28908247559,1171238358,"Value For Money:Ok
Performance:So so
Best Feature(s):So so

Nice white, feel good but sound quality is flat and fair... No bass at all",3,e*****o,https://down-id.img.susercontent.com/file/sg-11134103-7rdxc-mcbugif202blda,2025-07-18T09:46:37.000Z,Not Available,3,5,5,neutral
76715145082,76715145082,29005735910,1123507148,"Performance:okay lah...
Quality:okay lah .

Parcel received for fast delivery 
Price acceptable 
Product fir the sound quality is not very good and the sound is a bit fuzzy",3,c*****e,https://down-id.img.susercontent.com/file/my-11134103-820l6-mfwkkxkw000f76,2025-10-16T12:52:58.000Z,Not Available,3,5,5,neutral
77150281724,77150281724,29005735910,1123507148,bass biasa saja tk boleh lawan realfit. sesuai kpd yg ingin bunyi yg jelas sahaja. tiada d beri lebihan getah telinga.,3,ibk9955,Not Available,2025-10-21T04:45:54.000Z,Not Available,3,5,5,neutral
29300286491,29300286491,9268368229,458197227,"Quality:good
Performance:half bad

Idk why people said the mic is very good for the quality but mine one kinda broke like my mic can detect background sound I was like maybe there's something problem..I try my best to fix it but still😞but delivery so far so good😊👍",3,nuralyfahilyana,https://down-id.img.susercontent.com/file/my-11134103-7rasc-m5fa25b49bah38 || https://down-id.img.susercontent.com/file/my-11134103-7rasm-m5fa25aub4ko81 || https://down-id.img.susercontent.com/file/my-11134103-7rasg-m5fa25by83jc1a || https://down-id.img.susercontent.com/file/my-11134103-7rasd-m5fa25b49be02b || https://down-id.img.susercontent.com/file/my-11134103-7rasm-m5fa25b4orjd78,2025-01-25T04:34:36.000Z,2,3,5,5,neutral
9552289500,9552289500,9268368229,458197227,"Performance:Average
Quality:good

Everything okey je cumanya sound tak berapa nk sdp dgr. So kalau nk buat streaming rasanya okey but kalau nak cover lagu, not recommend",3,i*****a,Not Available,2022-09-13T15:28:37.000Z,Not Available,3,Not Available,Not Available,neutral
10683594283,10683594283,9268368229,458197227,"Performance:brg ok cun
Quality:ok cun

Seller cpt tp runner peram brg",3,madimbk6988,Not Available,2023-02-02T11:14:10.000Z,Not Available,3,5,5,neutral
11421245385,11421245385,9268368229,458197227,"Quality:not bad

It was easy to make the mic work but the quality is average.",3,azharikamis,Not Available,2023-05-05T11:06:29.000Z,Not Available,3,5,5,neutral
14643826766,14643826766,9268368229,458197227,"Performance:biasa
Quality:normal

Bagi saya biasa sahaja. Maybe saya guna phone kut. Kalau ada laptop maybe lagi baik kut. Saya tak pasti, still record ada bunyi kipas .",3,n*****5,https://down-id.img.susercontent.com/file/my-11134103-7r98r-ltamop7280l387,2024-03-25T06:13:21.000Z,Not Available,3,5,5,neutral
17196599141,17196599141,27506572840,196261835,"Outstanding feature: ok
Product quality: ok . ok

Good Sai, good sound quality, good sound quality, firm hand, international delivery is quite fast. Only 40k used on the company is quite good.",5,t*****7,https://down-id.img.susercontent.com/file/vn-11134103-7ras8-m1eyl0azljj061,2024-10-16T01:47:05.000Z,10,5,5,5,neutral
99064108665,99064108665,43154123563,211133030,"Sound: Clear sound of sound
Connection: Normal stable connection normally

Bought and used for 1 time and found it ok, so come back to evaluate, the product is ok, the appearance is beautiful, the quality is good.",5,d*****1,https://down-id.img.susercontent.com/file/vn-11134103-81ztc-mom8ij15vor2bf,2026-05-24T07:03:08.000Z,3,5,5,5,neutral
90909039293,90909039293,43154123563,211133030,"Sound: ok Connection: ok Design: definitely Compact Adapter, material design and solid processing. Plug and run, chip dac is only average to prevent deaf.",5,h*****h,https://down-id.img.susercontent.com/file/vn-11134103-81ztc-mlfrt5olgnigb2,2026-03-05T02:44:19.000Z,Not Available,5,5,5,neutral
10772096630,10772096630,20733830661,791766862,"Effectiveness:not bad

Alhamdulillah dh sampai!! Boleh tahan lah..",3,s*****9,https://down-id.img.susercontent.com/file/my-11134103-23020-2dhss69xihnvaf || https://down-id.img.susercontent.com/file/my-11134103-23020-xerhqakyihnvf5,2023-02-13T07:43:59.000Z,Not Available,3,3,3,neutral
12231316453,12231316453,20733830661,791766862,"Barang sampai bungkusan biasa sahaja tanpa buble warp nasib barang takde pecah, gambar tiada kaitan",3,r*****n,Not Available,2023-08-10T06:39:55.000Z,Not Available,3,3,3,neutral
13860575032,13860575032,20733830661,791766862,"Effectiveness:not that effective but its alright
Texture:its alright",3,a*****d,Not Available,2024-01-12T18:58:53.000Z,Not Available,3,5,5,neutral
14614626380,14614626380,20733830661,791766862,"Effectiveness:oky laa
Texture:ringan jee

Terkejutt smpai"" ringan jee mcm xde isi",3,najihah3006,https://down-id.img.susercontent.com/file/my-11134103-7r98x-lt6v1x610bhg83 || https://down-id.img.susercontent.com/file/my-11134103-7r990-lt6v1x611q1w2f || https://down-id.img.susercontent.com/file/my-11134103-7r98t-lt6v1x6134mccd || https://down-id.img.susercontent.com/file/my-11134103-7r98v-lt6v1x614j6sef || https://down-id.img.susercontent.com/file/my-11134103-7r98z-lt6v1x615xr8cf,2024-03-22T14:51:59.000Z,Not Available,3,5,5,neutral
28925239995,28925239995,20087534902,169453007,"Material:ok la

Blh la, sikat pun ok lah harga pun ok la, clr pun ok2 lah..",4,m*****a,https://down-id.img.susercontent.com/file/my-11134103-7rask-m55vxz12dl2g67 || https://down-id.img.susercontent.com/file/my-11134103-7rasd-m55vy6mx8tpl41,2025-01-18T14:35:17.000Z,Not Available,4,5,5,neutral
24943040683,24943040683,20087534902,169453007,"Material:Wood/Plastic
Effectiveness:Fair enough

Berus besar. Sgt sesuai utk rambut lebat/panjang.",3,m*****3,Not Available,2024-12-24T13:48:52.000Z,Not Available,3,3,5,neutral
59404208565,59404208565,19647203738,864833474,"Effectiveness:boleh la
Material:plastik

Dryer dapat murah beli masa live 7.7 , tp plug nye bulat pulak , bukan jenis plug biasa . Harga murah sesuai la dgn kualiti barang . Terima kasih seller",3,a*****2,Not Available,2025-07-12T02:07:06.000Z,Not Available,3,3,3,neutral
66105693967,66105693967,19647203738,864833474,"Effectiveness:ok
Material:ok

Kualiti product sepadan dengan harga.masa penghantaran pantas.terima kasih seller.",3,azlanayub2201,https://down-id.img.susercontent.com/file/my-11134103-7rasa-md4jcts3g0lx97,2025-08-07T10:45:50.000Z,Not Available,3,5,5,neutral
16499902447,16499902447,28555025829,1299445769,"Value For Money:not bad
Best Feature(s):wireless
Performance:not bad

Fast delivery. Cannot complain the quality for the price paid. The sound is acceptable for meetings. Not tried for music yet.",3,h*****z,https://down-id.img.susercontent.com/file/sg-11134103-7rdxg-lzy5nvejituy4d,2024-09-09T02:01:22.000Z,18,3,5,5,neutral
16919783385,16919783385,24878743362,1206023866,"Quality:Mediocre
Performance:Good

Simple design. The photo looks appealing, but physical doesn't look appealing.

Weak bass. No suitable for listening to phonk. If you wanna buy this headphone, don't expect much.",3,hyzc7yl_3r,https://down-id.img.susercontent.com/file/my-11134103-7rash-m0wsu9csszw28f || https://down-id.img.susercontent.com/file/my-11134103-7rasg-m0wsu9csuegi34 || https://down-id.img.susercontent.com/file/my-11134103-7rasa-m0wsu9csvt0y99,2024-10-04T00:56:27.000Z,Not Available,3,5,5,neutral
7877163250,7877163250,2015773873,76106159,"Well, not bad. They didn't gave me the preview and before I know it, it already arrived at my house. The picture quality is,meh... Alright.. can't put anything on the sides even though they're spaces, well alright..",3,_.suhaida,https://down-id.img.susercontent.com/file/37082006e9a28581658bd217d39824cd,2022-03-27T08:25:46.000Z,0,3,Not Available,Not Available,neutral
11499052176,11499052176,16464434745,714353726,"Design: ok
Quality: ok

Can't wear it with real smile Don't fit together Medium quality Not worth the money There are clear stitches because the plugs don't fit together. But it's ok, it's not ugly, the size can't be used at all.",3,Not Available,Not Available,2023-05-14T13:01:02.000Z,1,3,5,5,neutral
29246512121,29246512121,21892196070,1056273219,"Quality:ok
Performance:ok
Suitability:ok

Ok",3,y*****y,https://down-id.img.susercontent.com/file/ph-11134103-7rash-m5b12n5om7b63e,2025-01-22T05:03:10.000Z,1,3,4,3,neutral
96423125039,96423125039,20392752163,64923440,"Product quality is not bad. Doesn't stick to magnet that well and if uncovered, the metal will scratch your case",3,b*****0,https://down-id.img.susercontent.com/file/my-11134103-820l8-mna2n2f5snpkd4,2026-04-20T13:10:37.000Z,Not Available,3,5,5,neutral
14002250724,14002250724,20392752163,64923440,"Material:Metal (not magnet)
Quality:Okay

Its just a black metal ring sticker eventhough the name of the product is “magnetic” sticker. Wont stick to metal objects, unless to products with magnets built in.",3,b*****c,Not Available,2024-01-26T09:15:17.000Z,1,3,5,5,neutral
78363790774,78363790774,27602065203,64923440,"Quality:so so
Performance:after one month review, bluetooth connection break after 10 min of listening, sometime left earbud disconnect, sometime right, quite annoying. Using iphone 13pro",1,4*****9,Not Available,2025-11-05T13:35:39.000Z,8,1,5,5,neutral
1.01E+11,1.01E+11,27602065203,64923440,"Comfort:ok
Sound quality:soft

Item received well packed by seller 
Sound is a bit too soft",3,28shopaholic,https://down-id.img.susercontent.com/file/my-11134103-820lf-mpp97rxej66jc0,2026-06-20T15:10:21.000Z,Not Available,3,5,5,neutral
92931908826,92931908826,27602065203,64923440,"Quality:so so
Performance:cant fit into my ear

The earphone is not very convenient and fit for me",3,e*****g,Not Available,2026-03-21T17:26:19.000Z,Not Available,3,5,5,neutral
68439545123,68439545123,25928440344,1135938970,"Durability:normal
Performance:normal

This powerbank can charge 2 to 3 times when it fully charged",3,x*****g,https://down-id.img.susercontent.com/file/my-11134103-7rasd-mdi3m5ze70zjb5 || https://down-id.img.susercontent.com/file/my-11134103-7ras8-mdi3m5ze70w83a,2025-08-16T22:53:56.000Z,Not Available,3,3,3,neutral
37260873012,37260873012,25928440344,1135938970,"Performance:moderate

I think it is not a 25K power bank",3,yongct74,Not Available,2025-04-15T01:11:15.000Z,Not Available,3,4,4,neutral
21332876407,21332876407,25928440344,1135938970,"Durability:average
Performance:not long lasting

Overall ok.",3,duraiananthi7,Not Available,2024-12-08T05:27:12.000Z,Not Available,3,5,5,neutral
99138104855,99138104855,28003612883,224600407,"Material:ok
Safety:ok

Am I the only one who thinks the secret is the least cute among all? Somemore it's smaller, feel not worth the price, why can't they just make the same size? I saw review other characters in this series are bigger hmmmmm",3,ley4748,https://down-id.img.susercontent.com/file/my-11134103-820l7-moqvl9o1lbsw48,2026-05-27T13:05:53.000Z,Not Available,3,5,5,neutral
67973656940,67973656940,25382921756,119884122,"Durability:Average
Performance:Average

Good item, but I can't get a full charge from it. Always around 50% or below when charging. Other than that it is good",3,l*****e,https://down-id.img.susercontent.com/file/my-11134103-7ras8-mddrdk4xzfh134 || https://down-id.img.susercontent.com/file/my-11134103-7rase-mddrdk4y0u1hfd || https://down-id.img.susercontent.com/file/my-11134103-7rasi-mddrdk4y28lx0d || https://down-id.img.susercontent.com/file/my-11134103-7rasl-mddrdk4y3n6da2 || https://down-id.img.susercontent.com/file/my-11134103-7rasg-mddrdk4nreol18,2025-08-14T04:07:23.000Z,Not Available,3,5,5,neutral
49800249817,49800249817,25382921756,119884122,"Durability:okay
Performance:okay

Good : small, compact and easy to use and carry
Bad: the kick stand built-in is totally useless. Can only open 45°, even with phone plug in charging, the kick stand is not stable to stand upright. The design should have allowed to open 90° so that more stable.",3,d*****s,https://down-id.img.susercontent.com/file/my-11134103-7rasb-mb4k3gj1hiba0b || https://down-id.img.susercontent.com/file/my-11134103-7rasa-mb4k3gjlgox738,2025-06-18T00:21:34.000Z,0,3,5,5,neutral
39377702946,39377702946,25382921756,119884122,"Performance:fair
Durability:fair

I have Yoobao brand with the same capacity 5000mAh, when I charged my phone at 20%, it can charge until 100%. This Pineng is not as good. I charged my phone from 20% battery, it can only last until 80% battery.",3,snhdyh19,https://down-id.img.susercontent.com/file/my-11134103-7rasg-m917s4ishpmo63,2025-04-26T05:29:00.000Z,Not Available,3,3,5,neutral
31371446530,31371446530,25382921756,119884122,just okey. Good fr an emergency backup. not as good as 5000 mah,2,iahmedbaloch,Not Available,2025-02-21T09:07:55.000Z,0,2,5,5,neutral
97510572817,97510572817,29704924922,119884122,"Durability:Didn’t expect this heavy, but still okay

Checked out colour purple, received colour hitam…🫠",3,z*****n,https://down-id.img.susercontent.com/file/my-11134103-820la-mnsceq5vbhfo42,2026-05-03T08:40:46.000Z,Not Available,3,5,5,neutral
90506654681,90506654681,29704924922,119884122,"Performance:can't hold a constant 5V2A for a fan
Durability:can feel battery moving inside when shaking, hope it last.

For its price, can't complain too much",3,pingy_ping,Not Available,2026-03-01T12:07:48.000Z,Not Available,3,5,5,neutral
48609829075,48609829075,29704924922,119884122,"Performance:ok

Not Fast Charging",3,yeamin821,Not Available,2025-06-13T22:57:25.000Z,Not Available,3,5,5,neutral
48000502222,48000502222,28956592763,82858318,"Performance:so so
Durability:okay

Arrived safely
But charge very slow to full
And very fast depleting",3,i*****h,https://down-id.img.susercontent.com/file/my-11134103-7rasj-mavceme4dlm295,2025-06-11T13:22:34.000Z,Not Available,3,5,5,neutral
77158247858,77158247858,5453625360,232524754,"Durability:okay
Performance:just okay support fast charge but not 120w. after 30% the powerbank automatic turn to 0%",3,muhammadameerul,Not Available,2025-10-21T12:47:08.000Z,Not Available,3,5,5,neutral
83005444787,83005444787,12410458979,335966798,"Quality:Ordinary
Material:Ordinary

Much lagging when use it. Need to reconnect while use it and need to buy another pricey keyboard to prevent it.",3,s*****i,https://down-id.img.susercontent.com/file/my-11134103-820l5-mippubjg7vnn19,2025-12-26T09:38:23.000Z,Not Available,3,5,4,neutral
48185311198,48185311198,12410458979,335966798,"Quality:ok
Material:ok

Fast delivery. All GOOD until i saw a bit cracked / broken on the keypad like shown in the pic",3,d*****6,https://down-id.img.susercontent.com/file/my-11134103-7rase-maw946icnauid4 || https://down-id.img.susercontent.com/file/my-11134103-7ras8-maw946icnaiz85,2025-06-12T04:40:47.000Z,Not Available,3,5,5,neutral
11045131606,11045131606,12410458979,335966798,"Quality:Not bad

It doesn't fit perfectly",3,lloydseverus,https://down-id.img.susercontent.com/file/my-11134103-23030-nifayee3pvov8b,2023-03-20T11:46:35.000Z,Not Available,3,5,5,neutral
8964983463,8964983463,12410458979,335966798,Quality is ok but is too heavy 😅😅,3,_yumpaws_,Not Available,2022-07-14T02:43:17.000Z,Not Available,3,Not Available,Not Available,neutral
14127558183,14127558183,12410458979,335966798,"Material:quality is okay

All functions are good,everything is okay,the shortcuts are friendly but it can’t close down nicely,no magnetic at all.",2,boonlin9922,https://down-id.img.susercontent.com/file/my-11134103-7r98y-lrek8nlw5m3obb,2024-02-06T13:39:54.000Z,1,2,2,5,neutral
24625630241,24625630241,12410458979,335966798,"Quality:Cheap
Material:Cheap

Ordered the iPad 10th Gen case, but the sizing is wrong. Unable to fit the case properly no matter how hard I tried. The keyboard works, but the trackpad has a slight delay and scrolling is annoying. If you are looking for an ipad keyboard, its reasonable for its price. But avoid the case, especially for 10th gen.",2,aimanroc,Not Available,2024-12-23T03:38:14.000Z,Not Available,2,5,5,neutral
69646812318,69646812318,17598990003,335966798,"Performance:Fair

I used it on my redmi phone, and I noticed that it has a lot of delays. When I compare it to a non chargeable stylus, the other stylus works more smoothly. Still comfortable with scrolling or gaming. But not writing or drawing.",3,w*****b,Not Available,2025-08-24T08:40:35.000Z,Not Available,3,5,5,neutral
41380275931,41380275931,19804114284,423920750,"Product Quality:top corner edge is a bit sharp
Value For Money:ok

Weight is heavier than expected.",3,p*****6,Not Available,2025-05-08T11:10:50.000Z,Not Available,3,4,4,neutral
66015802115,66015802115,19404103908,275984522,"Material:plastic
Quality:ok

At first it seems good I was kinda satisfied but then after I put my ipad air m3, it's kinda um. It felt a bit too small for the ipad. There's no battery percentage shown on the ipad (usually my electronic devices like headphones there's still battery indicator in the Bluetooth area). The case are a bit too light it becomes unstable after I put the tablet. It's meh ig you get what you pay for",3,akaashi_keiji11,https://down-id.img.susercontent.com/file/my-11134103-7rasb-md4drtr4arkl89,2025-08-07T08:07:24.000Z,1,3,5,5,neutral
71006129641,71006129641,19404103908,275984522,"Material:not bad
Quality:It's flimsy and heavy. I'm pretty sure it can scratch your ipad if you're not careful enough too. The keypad has some problems like delay and sensitivity issues. btw if you're buying this to play games like roblox, im pretty sure it wont work, not sure why though.

Overall for me, I wouldn't buy it since i mostly only use my ipad for drawing and editing. But if you're gonna be typing a lot i would recommend it. Other than that it's not that great of a casing/ keyboard. 🙏🙏",3,xinxiin._,Not Available,2025-09-01T07:49:32.000Z,Not Available,3,5,5,neutral
37559580966,37559580966,19804114284,423920750,"Best Feature(s):as described
Value For Money:ok
Product Quality:keypads not very responsive

This set isn’t as sturdy as my previous. A bit disappointed. The iPad didn’t fit nicely . Delivery took a while so I didn’t want to have to reject  cos I needed to protect my iPad . Don’t think this set is only to last",3,s*****8,https://down-id.img.susercontent.com/file/sg-11134103-7renz-m8moz70m1dzp17 || https://down-id.img.susercontent.com/file/sg-11134103-7repc-m8mozwap06nb14,2025-04-16T01:13:56.000Z,Not Available,3,4,5,neutral
12386972423,12386972423,23676366056,600794328,"True to the description: ok
Product quality: ok . ok

Use ok, typing is very light and easy, fast delivery, the inhale of the magnet is very good",5,t*****u,https://down-id.img.susercontent.com/file/vn-11134103-7r98o-lkv2j5wuq3t783,2023-08-25T13:48:19.000Z,13,5,5,5,neutral
29758193057,29758193057,22576338700,423920750,"Best Feature(s):small and nice
Value For Money:can be cheaper
Product Quality:average

Looked nice..wanted to try..received super fast...and well packed and in good condition...at first I was confused how to connect...the instruction manual is too tiny..had to figure out how to read the manual and then connect....works well.",3,m*****r,https://down-id.img.susercontent.com/file/sg-11134103-7rbl2-m5nrem90wtjrb8 || https://down-id.img.susercontent.com/file/sg-11134103-7rbl7-m5nrem90y84730,2025-01-31T03:39:26.000Z,Not Available,3,5,5,neutral
80521430883,80521430883,22576338700,423920750,"Quality:a bit flimsy

No proper instructions to set up keyboard. Asked via chat but just keeps asking you to set up via accessibility. Found my answer in the reviews by other people instead. Lousy.",3,j*****6,Not Available,2025-12-03T02:38:57.000Z,Not Available,3,1,5,neutral
82941172275,82941172275,22576338700,423920750,"Value For Money:ok
Product Quality:so so

Like the rotating screen option. Casing fits well. And material is good. Have been using it for a while now. The keyboard is not great at all. The buttons sometimes do not respond when pressed especially the space bar. I typed fast and many times I have to go back to correct the spacing issues due to the spacebar not working properly. I may have to buy a separate keyboard to replace it.",3,w*****s,https://down-id.img.susercontent.com/file/sg-11134103-81zur-miomax3pruh22c || https://down-id.img.susercontent.com/file/sg-11134103-81zv6-miomb3mhy58hf0 || https://down-id.img.susercontent.com/file/sg-11134103-81zud-miombbpmavi85c,2025-12-25T15:07:24.000Z,Not Available,3,5,5,neutral
79424910078,79424910078,23476336102,275984522,Okay,3,m*****9,Not Available,2025-11-20T22:43:42.000Z,Not Available,3,5,5,neutral
5737978155,5737978155,3609975124,55631460,Parcel packaging ok .the cover quite heavy . Heavy den my iPad,3,euniceee88,https://down-id.img.susercontent.com/file/75830631339616a7336cf106067b09cf,2021-08-20T05:43:16.000Z,1,3,Not Available,Not Available,neutral
14032600495,14032600495,18681986926,88629900,"Performance:ok

Its so difficult to use this cannon printer the setting up take ages and the instruction not helpful at all . Although link to my internet router but still have difficulty in printing . I should have bought brothers which is so so easy to use anyway tq seller for fast delivery",3,fume1,https://down-id.img.susercontent.com/file/my-11134103-7r98w-lr2u354o37xzbe,2024-01-29T08:34:31.000Z,Not Available,3,5,5,neutral
86695896823,86695896823,26088937867,768354594,"Product quality: ok . ok

The sound is fine
But does it hurt your ears? 
The advantage is that running and jumping comfortably without falling, but when I clip my ears, my ears hurt",3,d*****e,https://down-id.img.susercontent.com/file/vn-11134103-820l4-mk0hw0d5kemd50 || https://down-id.img.susercontent.com/file/vn-11134103-820l4-mk0hwsw8xbese1 || https://down-id.img.susercontent.com/file/vn-11134103-820l4-mk0hx0uipkw2ca,2026-01-28T04:07:44.000Z,Not Available,3,5,5,neutral
79572913433,79572913433,26088937867,768354594,"Product quality: ok . ok
Outstanding feature: unknown

Expensive bullets
But it's so light :')))
It's also shiny to look good",3,t*****2,https://down-id.img.susercontent.com/file/vn-11134103-820l4-mhfza50usl53b6,2025-11-24T08:32:57.000Z,Not Available,3,3,4,neutral
97384763338,97384763338,24306977934,323481411,"Performance:so so
Portability:so so

Need to sit close for airflow. Even on full power, you can barely feel the air moving. Better off with a regular fan. 

Usable in air con room. A bit loud at full power, otherwise it's not doing much. Looks OK. 

Poor QC. Came with a gaps and distortion in casing. The plastic seems fragile, broken bits on delivery, but the box shows no abuse. 

Power cable is barely 1.5 m, 2 pin plug.

Remote doesn't work. If you're buying this, go manual. Seller doesn't respond at all. I asked about the remote on delivery date, 11 days ago. Not a single peep, just an automatic suggestion to return/refund. I guess it's that bad a product... 0☆

If you can get past all that, you could say it works. In an air con room. Sort of. 3☆ for product quality, because I am a nice guy.

I'm paying for it, to be able to post an honest review.",3,chrisc.my,https://down-id.img.susercontent.com/file/my-11134103-820li-mnnrvqnszk028d || https://down-id.img.susercontent.com/file/my-11134103-820la-mnnrvqnt0yki94,2026-04-30T04:12:24.000Z,Not Available,3,1,5,neutral
35016908172,35016908172,24306977934,323481411,"Portability:okayy
Performance:average, No1 speed air very strong, no3 speed air very slow. worth it? idk",3,kaguyas4n,https://down-id.img.susercontent.com/file/my-11134103-7rasj-m7yrkm2yb8x1ab,2025-03-30T06:52:26.000Z,Not Available,3,3,5,neutral
14328914868,14328914868,24306977934,323481411,"Performance:not much as advertised.
Portability:so-so. it doesn't have much effect anyway.

Speed 1 and Speed 2 fan still ok, but Speed 3 not good. Very little wind blow. And the distance also not good. You need to put closer only to get the wind.",3,n*****g,Not Available,2024-02-27T16:17:45.000Z,2,3,4,5,neutral
69949467902,69949467902,24306977934,323481411,Its ok..so so as the base is quite flimsy and does not close evenly. However the fan does work. And thats good enough.,3,shazlinashahriman795,Not Available,2025-08-26T12:16:42.000Z,Not Available,3,5,5,neutral
15427966103,15427966103,24306977934,323481411,Performance:hmm okok only the wind not tht strong for this hot weather,3,thanussanussa,Not Available,2024-06-07T04:04:28.000Z,Not Available,3,5,5,neutral
14675920578,14675920578,24306977934,323481411,"Performance:Ok
Portability:OK

Performance OK but quality not so good",3,arasutm,https://down-id.img.susercontent.com/file/my-11134103-7r98x-ltdykrt4h6gn0c || https://down-id.img.susercontent.com/file/my-11134103-7r98s-ltdykrt4jzlj27,2024-03-27T14:21:45.000Z,Not Available,3,4,4,neutral
45715291970,45715291970,24306977934,323481411,"It's 2nd time purchase, but this time the remote control is not functioning. Overall ok, only can't use the remote controller.",3,w*****p,https://down-id.img.susercontent.com/file/my-11134103-7rase-magweeonyu4694,2025-06-01T10:30:34.000Z,Not Available,3,4,5,neutral
42624901920,42624901920,29919260965,323481411,"Performance:okay
Safety:okay

The egg cooker works well in terms of cooking the eggs, but I have a few complaints:

1. The mode button is frustrating. It’s flat and unresponsive, so it’s hard to tell if you've pressed it. I often have to press it multiple times to get it to change modes.

2. The power cord is a bit short and not detachable. This makes it inconvenient when you need to change the water—you have to carry the whole thing to the sink.

3. The sound that signals the eggs are done is very soft and short, three dings. You can’t hear it from another room.",3,n*****n,Not Available,2025-05-16T03:43:46.000Z,Not Available,3,5,5,neutral
72381236193,72381236193,29919260965,323481411,"Performance:Moderate
Safety:Function button not sensitive. Difficult to do selection. Need to press many times",3,khafly,Not Available,2025-09-16T11:02:29.000Z,Not Available,3,5,5,neutral
94301171233,94301171233,57502771623,864833474,"Performance:So so
Safety:So so

Cannot get the egg i want but still consider ok for This price. Hope can improve in futire",3,c*****2,Not Available,2026-04-02T16:35:31.000Z,Not Available,3,5,5,neutral
40413613788,40413613788,19647203738,864833474,"Material:Not bad, value for the money

Too lite weight",3,logeswary_sugumaran,https://down-id.img.susercontent.com/file/my-11134103-7rasg-m9a5btjzv9c0e3 || https://down-id.img.susercontent.com/file/my-11134103-7rask-m9a5btjzva1a38,2025-05-02T11:37:06.000Z,Not Available,3,5,5,neutral
9586553511,9586553511,9728549843,282983786,"Effectiveness:Fair
Material:Fair

Heat up quickly but my wavy hairs return to original form in shorter time compared to old hair iron. It didnt last even half day .",3,v*****m,https://down-id.img.susercontent.com/file/my-11134103-22090-15dc5v6rrkhv40,2022-09-17T06:14:41.000Z,Not Available,3,4,4,neutral
9308167667,9308167667,9728549843,282983786,"Effectiveness:not really effective lahh, have to be really patient when using
Material:plastic & steel

Overall the price still not bad 👍🏻🤙🏻",3,k*****i,https://down-id.img.susercontent.com/file/my-11134103-22080-ftnsrtzg2dgv66,2022-08-18T07:41:36.000Z,Not Available,3,Not Available,Not Available,neutral
7557452328,7557452328,9728549843,282983786,Size okay but the straightener not so hot..hope in future can set the temperature,3,pdotafif,Not Available,2022-02-22T03:22:47.000Z,Not Available,3,Not Available,Not Available,neutral
68300270502,68300270502,25823028503,1192815448,Not bad with the Price value,3,a*****n,Not Available,2025-08-16T02:26:05.000Z,Not Available,3,5,5,neutral
